Fecha,DolarToday,Dolar
40352,9.92,9.92E-05
40354,8.05,8.05E-05
40355,8.05,8.05E-05
40356,7.91,7.91E-05
40357,7.91,7.91E-05
40358,7.92,7.92E-05
40359,7.97,7.97E-05
40360,7.97,7.97E-05
40361,7.98,7.98E-05
40363,7.85,7.85E-05
40365,7.84,7.84E-05
40366,8.27,8.27E-05
40367,8.22,8.22E-05
40368,8.17,8.17E-05
40370,8.17,8.17E-05
40371,8.16,8.16E-05
40372,8.13,8.13E-05
40373,8.15,8.15E-05
40374,8.14,8.14E-05
40375,8.17,8.17E-05
40376,8.17,8.17E-05
40377,8.17,8.17E-05
40378,8.14,8.14E-05
40379,8.14,8.14E-05
40380,8.12,8.12E-05
40381,8.21,8.21E-05
40382,8.23,8.23E-05
40383,8.22,8.22E-05
40384,8.49,8.49E-05
40385,8.45,8.45E-05
40386,8.42,8.42E-05
40387,8.39,8.39E-05
40388,8.37,8.37E-05
40389,8.38,8.38E-05
40390,8.38,8.38E-05
40391,8.38,8.38E-05
40392,8.33,8.33E-05
40393,8.34,8.34E-05
40394,8.34,8.34E-05
40395,8.27,8.27E-05
40396,8.27,8.27E-05
40397,8.27,8.27E-05
40398,8.27,8.27E-05
40399,8.27,8.27E-05
40400,8.23,8.23E-05
40401,8.21,8.21E-05
40402,8.24,8.24E-05
40403,8.34,8.34E-05
40404,8.34,8.34E-05
40405,8.26,8.26E-05
40406,8.26,8.26E-05
40407,8.23,8.23E-05
40408,8.21,8.21E-05
40409,7.9,7.9E-05
40410,7.9,7.9E-05
40412,7.91,7.91E-05
40413,7.86,7.86E-05
40414,8.27,8.27E-05
40415,8.27,8.27E-05
40416,8.27,8.27E-05
40419,8.27,8.27E-05
40421,8.31,8.31E-05
40423,8.23,8.23E-05
40424,8.23,8.23E-05
40426,8.22,8.22E-05
40427,8.22,8.22E-05
40428,8.22,8.22E-05
40429,8.2,8.2E-05
40430,8.19,8.19E-05
40431,8.19,8.19E-05
40433,8.19,8.19E-05
40434,8.15,8.15E-05
40435,8.13,8.13E-05
40436,8.21,8.21E-05
40437,8.23,8.23E-05
40440,8.21,8.21E-05
40441,8.18,8.18E-05
40442,8.17,8.17E-05
40443,8.2,8.2E-05
40444,8.2,8.2E-05
40447,8.22,8.22E-05
40448,8.19,8.19E-05
40449,8.2,8.2E-05
40450,8.18,8.18E-05
40451,8.18,8.18E-05
40452,8.18,8.18E-05
40454,8.17,8.17E-05
40455,8.19,8.19E-05
40456,8.19,8.19E-05
40457,8.16,8.16E-05
40458,8.16,8.16E-05
40461,8.12,8.12E-05
40462,8.12,8.12E-05
40463,8.12,8.12E-05
40464,8.15,8.15E-05
40468,7.87,7.87E-05
40469,7.53,7.53E-05
40470,7.57,7.57E-05
40471,7.55,7.55E-05
40472,7.56,7.56E-05
40475,7.92,7.92E-05
40476,7.96,7.96E-05
40477,7.99,7.99E-05
40478,8.02,8.02E-05
40479,7.99,7.99E-05
40482,7.99,7.99E-05
40483,7.99,7.99E-05
40485,7.89,7.89E-05
40486,7.81,7.81E-05
40489,7.84,7.84E-05
40490,7.82,7.82E-05
40491,7.88,7.88E-05
40493,7.81,7.81E-05
40496,8.04,8.04E-05
40497,8.05,8.05E-05
40498,8.05,8.05E-05
40499,8.04,8.04E-05
40500,8.07,8.07E-05
40503,8.18,8.18E-05
40504,8.49,8.49E-05
40505,8.5,8.5E-05
40506,8.43,8.43E-05
40507,8.48,8.48E-05
40510,8.56,8.56E-05
40511,8.52,8.52E-05
40512,8.63,8.63E-05
40513,8.59,8.59E-05
40514,8.56,8.56E-05
40517,8.46,8.46E-05
40518,8.4,8.4E-05
40519,8.41,8.41E-05
40520,8.37,8.37E-05
40521,8.48,8.48E-05
40524,8.36,8.36E-05
40525,8.46,8.46E-05
40526,8.49,8.49E-05
40527,8.45,8.45E-05
40528,8.48,8.48E-05
40531,8.53,8.53E-05
40532,8.75,8.75E-05
40533,8.78,8.78E-05
40534,8.81,8.81E-05
40535,8.72,8.72E-05
40538,8.84,8.84E-05
40539,8.93,8.93E-05
40540,8.93,8.93E-05
40541,8.93,8.93E-05
40542,9.35,9.35E-05
40545,9.09,9.09E-05
40546,9.08,9.08E-05
40547,8.92,8.92E-05
40548,9.01,9.01E-05
40549,8.99,8.99E-05
40552,8.79,8.79E-05
40553,8.67,8.67E-05
40554,8.76,8.76E-05
40555,8.74,8.74E-05
40556,8.65,8.65E-05
40559,8.66,8.66E-05
40560,8.65,8.65E-05
40561,8.64,8.64E-05
40562,8.53,8.53E-05
40563,8.55,8.55E-05
40566,8.51,8.51E-05
40567,8.54,8.54E-05
40568,8.59,8.59E-05
40569,8.64,8.64E-05
40570,8.59,8.59E-05
40571,8.63,8.63E-05
40573,8.65,8.65E-05
40574,8.64,8.64E-05
40575,8.62,8.62E-05
40576,8.63,8.63E-05
40577,8.63,8.63E-05
40580,8.65,8.65E-05
40583,8.86,8.86E-05
40584,8.86,8.86E-05
40587,8.79,8.79E-05
40588,8.81,8.81E-05
40589,8.88,8.88E-05
40590,8.88,8.88E-05
40591,8.76,8.76E-05
40594,8.73,8.73E-05
40595,8.74,8.74E-05
40596,8.8,8.8E-05
40597,8.82,8.82E-05
40598,8.79,8.79E-05
40601,8.82,8.82E-05
40602,8.85,8.85E-05
40603,8.89,8.89E-05
40604,8.88,8.88E-05
40605,8.79,8.79E-05
40608,8.77,8.77E-05
40609,8.78,8.78E-05
40610,8.73,8.73E-05
40611,8.69,8.69E-05
40612,8.67,8.67E-05
40614,8.65,8.65E-05
40615,8.66,8.66E-05
40616,8.7,8.7E-05
40617,8.7,8.7E-05
40618,8.75,8.75E-05
40619,8.9,8.9E-05
40620,8.67,8.67E-05
40621,8.7,8.7E-05
40622,8.68,8.68E-05
40623,8.6,8.6E-05
40624,8.6,8.6E-05
40625,8.58,8.58E-05
40626,8.4,8.4E-05
40627,8.4,8.4E-05
40628,8.4,8.4E-05
40630,8.43,8.43E-05
40631,8.46,8.46E-05
40632,8.41,8.41E-05
40633,8.39,8.39E-05
40634,8.31,8.31E-05
40635,8.31,8.31E-05
40636,8.4,8.4E-05
40637,8.28,8.28E-05
40638,8.26,8.26E-05
40639,8.26,8.26E-05
40640,8.21,8.21E-05
40641,8.24,8.24E-05
40643,8.2,8.2E-05
40644,8.2,8.2E-05
40645,8.23,8.23E-05
40646,8.27,8.27E-05
40647,8.2,8.2E-05
40648,8.2,8.2E-05
40649,8.2,8.2E-05
40650,8.13,8.13E-05
40651,8.17,8.17E-05
40652,8.13,8.13E-05
40653,8.11,8.11E-05
40654,8.1,8.1E-05
40655,8.07,8.07E-05
40657,8.02,8.02E-05
40658,8.06,8.06E-05
40659,8.07,8.07E-05
40660,8.02,8.02E-05
40661,7.99,7.99E-05
40662,8.03,8.03E-05
40664,8.02,8.02E-05
40665,8.41,8.41E-05
40666,8.37,8.37E-05
40667,8.37,8.37E-05
40668,8.37,8.37E-05
40669,8.46,8.46E-05
40670,8.46,8.46E-05
40671,8.51,8.51E-05
40672,8.55,8.55E-05
40673,8.51,8.51E-05
40674,8.81,8.81E-05
40675,8.48,8.48E-05
40676,8.5,8.5E-05
40677,8.49,8.49E-05
40678,8.49,8.49E-05
40679,8.53,8.53E-05
40680,8.54,8.54E-05
40681,8.59,8.59E-05
40682,8.54,8.54E-05
40683,8.52,8.52E-05
40684,8.52,8.52E-05
40686,8.86,8.86E-05
40687,8.56,8.56E-05
40688,8.56,8.56E-05
40689,8.54,8.54E-05
40690,8.53,8.53E-05
40691,8.53,8.53E-05
40692,8.51,8.51E-05
40693,8.45,8.45E-05
40695,8.43,8.43E-05
40696,8.33,8.33E-05
40697,8.34,8.34E-05
40698,8.34,8.34E-05
40699,8.33,8.33E-05
40700,8.33,8.33E-05
40701,8.25,8.25E-05
40702,8.34,8.34E-05
40703,8.28,8.28E-05
40704,8.3,8.3E-05
40705,8.3,8.3E-05
40706,8.3,8.3E-05
40707,8.31,8.31E-05
40708,8.31,8.31E-05
40709,8.27,8.27E-05
40710,8.38,8.38E-05
40711,8.35,8.35E-05
40712,8.35,8.35E-05
40713,8.37,8.37E-05
40714,8.35,8.35E-05
40715,8.16,8.16E-05
40716,8.32,8.32E-05
40717,8.32,8.32E-05
40718,8.36,8.36E-05
40719,8.36,8.36E-05
40720,8.36,8.36E-05
40721,8.33,8.33E-05
40722,8.34,8.34E-05
40723,8.31,8.31E-05
40724,8.24,8.24E-05
40725,8.2,8.2E-05
40726,8.2,8.2E-05
40727,8.2,8.2E-05
40728,8.19,8.19E-05
40729,8.19,8.19E-05
40730,8.21,8.21E-05
40731,8.18,8.18E-05
40732,8.18,8.18E-05
40733,8.18,8.18E-05
40734,8.19,8.19E-05
40735,8.25,8.25E-05
40736,8.24,8.24E-05
40737,8.24,8.24E-05
40738,8.27,8.27E-05
40739,8.27,8.27E-05
40740,8.27,8.27E-05
40741,8.25,8.25E-05
40742,8.29,8.29E-05
40743,8.28,8.28E-05
40744,8.3,8.3E-05
40745,8.34,8.34E-05
40746,8.34,8.34E-05
40747,8.34,8.34E-05
40748,8.36,8.36E-05
40749,8.41,8.41E-05
40750,8.38,8.38E-05
40751,8.37,8.37E-05
40752,8.34,8.34E-05
40753,8.37,8.37E-05
40754,8.34,8.34E-05
40755,8.27,8.27E-05
40756,8.38,8.38E-05
40757,8.31,8.31E-05
40758,8.37,8.37E-05
40759,8.5,8.5E-05
40760,8.5,8.5E-05
40761,8.5,8.5E-05
40762,8.43,8.43E-05
40763,8.53,8.53E-05
40764,8.63,8.63E-05
40765,8.71,8.71E-05
40766,8.68,8.68E-05
40767,8.66,8.66E-05
40768,8.66,8.66E-05
40769,8.68,8.68E-05
40770,8.68,8.68E-05
40771,8.82,8.82E-05
40772,8.79,8.79E-05
40773,8.81,8.81E-05
40774,8.81,8.81E-05
40775,8.81,8.81E-05
40776,8.7,8.7E-05
40777,8.76,8.76E-05
40778,8.59,8.59E-05
40779,8.66,8.66E-05
40780,8.63,8.63E-05
40781,8.67,8.67E-05
40782,8.67,8.67E-05
40783,8.61,8.61E-05
40784,8.63,8.63E-05
40786,8.63,8.63E-05
40787,8.59,8.59E-05
40788,8.6,8.6E-05
40789,8.6,8.6E-05
40790,8.59,8.59E-05
40791,8.57,8.57E-05
40792,8.65,8.65E-05
40793,8.61,8.61E-05
40794,8.6,8.6E-05
40795,8.64,8.64E-05
40796,8.64,8.64E-05
40797,8.63,8.63E-05
40798,8.68,8.68E-05
40799,8.76,8.76E-05
40800,8.82,8.82E-05
40801,8.82,8.82E-05
40802,8.76,8.76E-05
40803,8.76,8.76E-05
40804,8.75,8.75E-05
40805,8.75,8.75E-05
40806,8.89,8.89E-05
40807,9.08,9.08E-05
40809,8.96,8.96E-05
40810,8.96,8.96E-05
40811,8.96,8.96E-05
40812,8.94,8.94E-05
40813,8.86,8.86E-05
40814,8.93,8.93E-05
40815,8.96,8.96E-05
40816,8.92,8.92E-05
40817,8.92,8.92E-05
40818,8.92,8.92E-05
40819,9.03,9.03E-05
40820,8.94,8.94E-05
40821,9.09,9.09E-05
40822,9.06,9.06E-05
40823,8.95,8.95E-05
40824,8.95,8.95E-05
40825,9.01,9.01E-05
40826,9.03,9.03E-05
40827,9.01,9.01E-05
40828,9.03,9.03E-05
40829,8.66,8.66E-05
40830,8.65,8.65E-05
40831,8.65,8.65E-05
40832,8.61,8.61E-05
40833,8.76,8.76E-05
40834,8.72,8.72E-05
40835,8.75,8.75E-05
40836,8.71,8.71E-05
40837,8.71,8.71E-05
40838,8.71,8.71E-05
40839,8.73,8.73E-05
40840,8.64,8.64E-05
40841,8.62,8.62E-05
40842,8.58,8.58E-05
40843,8.58,8.58E-05
40844,8.58,8.58E-05
40845,8.58,8.58E-05
40846,8.61,8.61E-05
40847,8.61,8.61E-05
40848,8.71,8.71E-05
40849,8.71,8.71E-05
40850,8.76,8.76E-05
40852,8.76,8.76E-05
40853,8.86,8.86E-05
40854,8.85,8.85E-05
40855,8.88,8.88E-05
40856,8.88,8.88E-05
40857,8.91,8.91E-05
40858,8.88,8.88E-05
40859,8.9,8.9E-05
40860,8.9,8.9E-05
40861,8.91,8.91E-05
40862,8.87,8.87E-05
40863,8.95,8.95E-05
40864,9,9E-05
40865,9,9E-05
40866,9,9E-05
40867,9.04,9.04E-05
40868,9.06,9.06E-05
40869,9.09,9.09E-05
40870,9.15,9.15E-05
40872,9.28,9.28E-05
40873,9.28,9.28E-05
40874,9.24,9.24E-05
40875,9.27,9.27E-05
40876,9.28,9.28E-05
40877,9.28,9.28E-05
40878,9.28,9.28E-05
40880,9.24,9.24E-05
40881,9.22,9.22E-05
40882,9.17,9.17E-05
40883,9.12,9.12E-05
40884,9.09,9.09E-05
40885,9.09,9.09E-05
40886,9.09,9.09E-05
40887,9.09,9.09E-05
40888,9.08,9.08E-05
40889,9.04,9.04E-05
40890,9.02,9.02E-05
40891,9.06,9.06E-05
40892,9.02,9.02E-05
40893,9.06,9.06E-05
40894,9.06,9.06E-05
40895,9.06,9.06E-05
40896,9.25,9.25E-05
40897,9.27,9.27E-05
40898,9.27,9.27E-05
40899,9.41,9.41E-05
40900,9.38,9.38E-05
40901,9.38,9.38E-05
40902,9.43,9.43E-05
40903,9.42,9.42E-05
40904,9.42,9.42E-05
40905,9.5,9.5E-05
40906,9.45,9.45E-05
40907,9.45,9.45E-05
40908,9.46,9.46E-05
40909,9.46,9.46E-05
40910,9.46,9.46E-05
40911,9.29,9.29E-05
40912,9.17,9.17E-05
40913,9.21,9.21E-05
40914,9.18,9.18E-05
40915,9.18,9.18E-05
40916,9.19,9.19E-05
40917,9.15,9.15E-05
40918,9.15,9.15E-05
40919,9.11,9.11E-05
40920,8.99,8.99E-05
40921,8.98,8.98E-05
40922,8.99,8.99E-05
40923,8.98,8.98E-05
40924,8.96,8.96E-05
40925,8.97,8.97E-05
40926,8.81,8.81E-05
40927,8.82,8.82E-05
40928,8.82,8.82E-05
40929,8.82,8.82E-05
40930,8.82,8.82E-05
40931,8.67,8.67E-05
40932,8.72,8.72E-05
40933,8.71,8.71E-05
40934,8.71,8.71E-05
40935,8.69,8.69E-05
40936,8.69,8.69E-05
40937,8.68,8.68E-05
40938,8.77,8.77E-05
40939,8.77,8.77E-05
40940,8.68,8.68E-05
40941,8.68,8.68E-05
40942,8.68,8.68E-05
40943,8.68,8.68E-05
40944,8.65,8.65E-05
40945,8.65,8.65E-05
40946,8.61,8.61E-05
40947,8.59,8.59E-05
40948,8.58,8.58E-05
40949,8.63,8.63E-05
40950,8.63,8.63E-05
40951,8.63,8.63E-05
40952,9.02,9.02E-05
40953,9.02,9.02E-05
40954,8.92,8.92E-05
40955,8.81,8.81E-05
40956,8.81,8.81E-05
40957,8.81,8.81E-05
40958,8.94,8.94E-05
40959,8.97,8.97E-05
40960,8.92,8.92E-05
40961,9.01,9.01E-05
40962,8.97,8.97E-05
40963,8.97,8.97E-05
40965,8.98,8.98E-05
40966,8.96,8.96E-05
40967,8.95,8.95E-05
40968,8.91,8.91E-05
40969,8.94,8.94E-05
40970,8.94,8.94E-05
40971,8.94,8.94E-05
40972,8.96,8.96E-05
40973,9.34,9.34E-05
40974,9.36,9.36E-05
40975,9.58,9.58E-05
40976,9.58,9.58E-05
40978,9.58,9.58E-05
40979,9.58,9.58E-05
40980,9.56,9.56E-05
40982,9.47,9.47E-05
40983,9.63,9.63E-05
40984,9.63,9.63E-05
40985,9.63,9.63E-05
40986,9.51,9.51E-05
40987,9.52,9.52E-05
40988,9.35,9.35E-05
40989,9.34,9.34E-05
40990,9.34,9.34E-05
40991,9.34,9.34E-05
40992,9.34,9.34E-05
40993,9.32,9.32E-05
40994,9.31,9.31E-05
40995,9.32,9.32E-05
40996,9.38,9.38E-05
40997,9.38,9.38E-05
40998,9.38,9.38E-05
40999,9.38,9.38E-05
41000,9.38,9.38E-05
41001,9.38,9.38E-05
41002,9.36,9.36E-05
41003,9.36,9.36E-05
41004,9.4,9.4E-05
41005,9.4,9.4E-05
41006,9.4,9.4E-05
41007,9.4,9.4E-05
41008,9.39,9.39E-05
41009,9.4,9.4E-05
41010,9.4,9.4E-05
41011,9.35,9.35E-05
41012,9.35,9.35E-05
41013,9.39,9.39E-05
41014,9.35,9.35E-05
41015,9.35,9.35E-05
41017,9.37,9.37E-05
41018,9.39,9.39E-05
41019,9.36,9.36E-05
41020,9.36,9.36E-05
41021,9.31,9.31E-05
41022,9.35,9.35E-05
41023,9.31,9.31E-05
41024,9.31,9.31E-05
41025,9.27,9.27E-05
41028,9.25,9.25E-05
41029,9.28,9.28E-05
41030,9.28,9.28E-05
41031,9.24,9.24E-05
41032,9.23,9.23E-05
41033,9.23,9.23E-05
41034,9.23,9.23E-05
41035,9.2,9.2E-05
41036,9.24,9.24E-05
41037,9.3,9.3E-05
41038,9.32,9.32E-05
41039,9.29,9.29E-05
41040,9.29,9.29E-05
41041,9.29,9.29E-05
41042,9.29,9.29E-05
41043,9.32,9.32E-05
41044,9.29,9.29E-05
41045,9.43,9.43E-05
41046,9.47,9.47E-05
41047,9.47,9.47E-05
41048,9.47,9.47E-05
41049,9.53,9.53E-05
41050,9.63,9.63E-05
41051,9.61,9.61E-05
41052,9.61,9.61E-05
41053,9.69,9.69E-05
41054,9.69,9.69E-05
41055,9.69,9.69E-05
41056,9.7,9.7E-05
41057,9.7,9.7E-05
41058,9.52,9.52E-05
41059,9.61,9.61E-05
41060,9.56,9.56E-05
41061,9.64,9.64E-05
41062,9.64,9.64E-05
41063,9.62,9.62E-05
41064,9.56,9.56E-05
41065,9.43,9.43E-05
41066,9.41,9.41E-05
41067,9.39,9.39E-05
41068,9.34,9.34E-05
41069,9.34,9.34E-05
41070,9.34,9.34E-05
41071,9.34,9.34E-05
41072,9.34,9.34E-05
41073,9.39,9.39E-05
41074,9.4,9.4E-05
41075,9.39,9.39E-05
41076,9.39,9.39E-05
41077,9.39,9.39E-05
41078,9.39,9.39E-05
41079,9.33,9.33E-05
41080,9.34,9.34E-05
41081,9.34,9.34E-05
41082,9.42,9.42E-05
41083,9.42,9.42E-05
41084,9.42,9.42E-05
41085,9.45,9.45E-05
41086,9.51,9.51E-05
41087,9.45,9.45E-05
41088,9.51,9.51E-05
41089,9.37,9.37E-05
41090,9.37,9.37E-05
41091,9.37,9.37E-05
41092,9.37,9.37E-05
41093,9.36,9.36E-05
41095,9.33,9.33E-05
41096,9.33,9.33E-05
41097,9.33,9.33E-05
41098,9.4,9.4E-05
41099,9.4,9.4E-05
41100,9.4,9.4E-05
41101,9.42,9.42E-05
41102,9.4,9.4E-05
41103,9.36,9.36E-05
41104,9.36,9.36E-05
41105,9.37,9.37E-05
41106,9.36,9.36E-05
41107,9.03,9.03E-05
41108,9.35,9.35E-05
41109,9.34,9.34E-05
41110,9.34,9.34E-05
41111,9.34,9.34E-05
41112,9.35,9.35E-05
41113,9.42,9.42E-05
41114,9.45,9.45E-05
41119,9.42,9.42E-05
41120,9.43,9.43E-05
41121,9.42,9.42E-05
41122,9.4,9.4E-05
41123,9.43,9.43E-05
41124,9.43,9.43E-05
41125,9.43,9.43E-05
41126,9.43,9.43E-05
41127,9.4,9.4E-05
41128,9.4,9.4E-05
41129,9.46,9.46E-05
41130,9.45,9.45E-05
41131,9.45,9.45E-05
41132,9.45,9.45E-05
41133,9.43,9.43E-05
41134,9.48,9.48E-05
41135,9.48,9.48E-05
41136,9.66,9.66E-05
41137,9.66,9.66E-05
41138,9.63,9.63E-05
41139,9.63,9.63E-05
41140,9.68,9.68E-05
41141,10.7,0.000107
41142,10.7,0.000107
41143,10.68,0.0001068
41144,10.64,0.0001064
41145,10.64,0.0001064
41146,10.64,0.0001064
41147,10.64,0.0001064
41148,10.68,0.0001068
41149,11.58,0.0001158
41150,11.58,0.0001158
41151,11.54,0.0001154
41152,11.54,0.0001154
41153,11.54,0.0001154
41154,11.58,0.0001158
41155,11.4,0.000114
41156,11.4,0.000114
41157,11.4,0.000114
41158,11.29,0.0001129
41159,11.21,0.0001121
41160,11.21,0.0001121
41161,11.25,0.0001125
41162,11.25,0.0001125
41163,11.25,0.0001125
41164,11.26,0.0001126
41165,11.26,0.0001126
41166,11.62,0.0001162
41167,11.62,0.0001162
41168,11.62,0.0001162
41169,11.6,0.000116
41170,12.77,0.0001277
41171,12.77,0.0001277
41172,12.55,0.0001255
41173,12.37,0.0001237
41174,12.37,0.0001237
41175,12.41,0.0001241
41176,12.41,0.0001241
41178,11.98,0.0001198
41179,12,0.00012
41180,12,0.00012
41181,12,0.00012
41182,12.08,0.0001208
41183,12.08,0.0001208
41185,12.08,0.0001208
41186,12.1,0.000121
41187,12.14,0.0001214
41189,12.14,0.0001214
41190,12.14,0.0001214
41191,12.14,0.0001214
41192,12.16,0.0001216
41193,12.16,0.0001216
41194,12.15,0.0001215
41195,12.15,0.0001215
41196,11.99,0.0001199
41197,11.99,0.0001199
41198,11.98,0.0001198
41199,12.85,0.0001285
41200,12.65,0.0001265
41201,12.65,0.0001265
41202,12.65,0.0001265
41203,12.67,0.0001267
41204,13.33,0.0001333
41205,13.43,0.0001343
41206,14.52,0.0001452
41207,14.56,0.0001456
41208,14.56,0.0001456
41209,14.56,0.0001456
41210,14.63,0.0001463
41211,14.08,0.0001408
41212,14.08,0.0001408
41213,14.07,0.0001407
41214,14.6,0.000146
41215,14.6,0.000146
41216,14.6,0.000146
41217,14.04,0.0001404
41218,14.06,0.0001406
41219,13.97,0.0001397
41220,15.13,0.0001513
41221,15.13,0.0001513
41222,14.89,0.0001489
41223,14.89,0.0001489
41224,14.89,0.0001489
41225,14.93,0.0001493
41226,14.93,0.0001493
41227,14.91,0.0001491
41228,15.07,0.0001507
41229,15.07,0.0001507
41230,15.07,0.0001507
41231,15.07,0.0001507
41232,15.52,0.0001552
41233,15.53,0.0001553
41234,15.52,0.0001552
41235,17.47,0.0001747
41236,16.56,0.0001656
41237,16.56,0.0001656
41238,16.54,0.0001654
41239,16.59,0.0001659
41240,16.56,0.0001656
41241,16.56,0.0001656
41242,16.5,0.000165
41243,16.5,0.000165
41244,16.5,0.000165
41245,16.5,0.000165
41246,17.11,0.0001711
41247,17.11,0.0001711
41248,17.25,0.0001725
41249,17.53,0.0001753
41250,16.48,0.0001648
41251,16.48,0.0001648
41252,17.47,0.0001747
41253,17.48,0.0001748
41254,17.29,0.0001729
41255,17.26,0.0001726
41256,17.26,0.0001726
41257,17.26,0.0001726
41258,17.26,0.0001726
41259,17.26,0.0001726
41260,17.26,0.0001726
41261,17.25,0.0001725
41262,17.21,0.0001721
41263,17.19,0.0001719
41264,17.19,0.0001719
41265,17.19,0.0001719
41267,17.19,0.0001719
41268,17.08,0.0001708
41269,17.37,0.0001737
41270,17.39,0.0001739
41271,17.43,0.0001743
41272,17.43,0.0001743
41273,17.43,0.0001743
41274,17.43,0.0001743
41275,17.32,0.0001732
41276,17.27,0.0001727
41277,17.61,0.0001761
41278,17.72,0.0001772
41279,17.72,0.0001772
41280,17.72,0.0001772
41282,17.7,0.000177
41283,17.49,0.0001749
41284,17.46,0.0001746
41285,17.45,0.0001745
41286,17.45,0.0001745
41287,17.46,0.0001746
41288,17.42,0.0001742
41289,17.42,0.0001742
41290,17.56,0.0001756
41291,17.51,0.0001751
41292,17.52,0.0001752
41293,17.52,0.0001752
41294,17.52,0.0001752
41295,17.52,0.0001752
41296,17.59,0.0001759
41297,17.59,0.0001759
41298,18.73,0.0001873
41299,18.73,0.0001873
41300,18.73,0.0001873
41301,18.73,0.0001873
41302,18.73,0.0001873
41303,18.69,0.0001869
41304,18.69,0.0001869
41305,18.69,0.0001869
41306,18.71,0.0001871
41307,18.71,0.0001871
41308,18.71,0.0001871
41309,18.83,0.0001883
41310,18.84,0.0001884
41311,20.19,0.0002019
41312,20.1,0.000201
41313,26.62,0.0002662
41314,26.62,0.0002662
41315,20.58,0.0002058
41316,22.31,0.0002231
41317,22.03,0.0002203
41319,21.75,0.0002175
41321,21.79,0.0002179
41323,21.33,0.0002133
41324,21.52,0.0002152
41325,21.34,0.0002134
41326,21.66,0.0002166
41327,21.74,0.0002174
41328,21.74,0.0002174
41329,21.84,0.0002184
41385,24.18,0.0002418
41386,23.94,0.0002394
41387,23.62,0.0002362
41388,23.57,0.0002357
41389,24.74,0.0002474
41390,25.48,0.0002548
41391,25.48,0.0002548
41392,25.48,0.0002548
41393,25.42,0.0002542
41394,25.35,0.0002535
41395,25.4,0.000254
41396,25.17,0.0002517
41397,25.15,0.0002515
41398,25.15,0.0002515
41399,25.17,0.0002517
41400,25.1,0.000251
41401,26.11,0.0002611
41402,26.18,0.0002618
41403,26.21,0.0002621
41404,26.15,0.0002615
41405,26.15,0.0002615
41406,26.15,0.0002615
41407,26.6,0.000266
41408,26.26,0.0002626
41409,26.36,0.0002636
41410,26.28,0.0002628
41411,26.67,0.0002667
41412,26.67,0.0002667
41413,26.66,0.0002666
41414,26.73,0.0002673
41415,26.78,0.0002678
41416,26.85,0.0002685
41417,27.04,0.0002704
41418,27.24,0.0002724
41419,27.24,0.0002724
41420,27.25,0.0002725
41421,27.31,0.0002731
41422,27.54,0.0002754
41423,28.37,0.0002837
41424,28.25,0.0002825
41425,28.43,0.0002843
41426,28.43,0.0002843
41427,28.47,0.0002847
41428,28.37,0.0002837
41429,28.32,0.0002832
41430,28.4,0.000284
41431,29.84,0.0002984
41432,31.12,0.0003112
41433,31.12,0.0003112
41434,31.22,0.0003122
41435,31.16,0.0003116
41436,31.25,0.0003125
41437,31.16,0.0003116
41438,31.02,0.0003102
41439,30.89,0.0003089
41440,30.89,0.0003089
41441,30.89,0.0003089
41442,30.94,0.0003094
41443,31.25,0.0003125
41444,31.16,0.0003116
41445,31.71,0.0003171
41446,31.93,0.0003193
41447,31.93,0.0003193
41448,31.93,0.0003193
41449,31.81,0.0003181
41450,31.61,0.0003161
41451,31.48,0.0003148
41452,31.52,0.0003152
41453,31.47,0.0003147
41454,31.65,0.0003165
41455,31.65,0.0003165
41456,31.5,0.000315
41457,31.45,0.0003145
41458,31.48,0.0003148
41459,31.39,0.0003139
41460,31.61,0.0003161
41461,31.61,0.0003161
41462,31.6,0.000316
41463,31.6,0.000316
41464,32.62,0.0003262
41465,32.58,0.0003258
41466,32.36,0.0003236
41467,32.26,0.0003226
41468,32.26,0.0003226
41469,32.25,0.0003225
41470,32.16,0.0003216
41471,31.84,0.0003184
41472,31.24,0.0003124
41473,30.41,0.0003041
41474,31.91,0.0003191
41475,31.91,0.0003191
41476,31.91,0.0003191
41477,31.36,0.0003136
41478,31.5,0.000315
41479,31.54,0.0003154
41480,31.46,0.0003146
41481,31.46,0.0003146
41482,31.46,0.0003146
41483,31.46,0.0003146
41484,31.5,0.000315
41485,31.48,0.0003148
41486,31.62,0.0003162
41487,31.68,0.0003168
41488,31.49,0.0003149
41489,31.49,0.0003149
41490,31.51,0.0003151
41491,31.49,0.0003149
41492,31.34,0.0003134
41493,31.35,0.0003135
41494,31.29,0.0003129
41495,33.46,0.0003346
41496,33.46,0.0003346
41497,33.53,0.0003353
41498,34.62,0.0003462
41499,34.84,0.0003484
41500,36.2,0.000362
41501,36.53,0.0003653
41502,36.75,0.0003675
41503,36.75,0.0003675
41504,36.7,0.000367
41505,36.8,0.000368
41506,36.31,0.0003631
41507,36.33,0.0003633
41508,36.24,0.0003624
41509,36.05,0.0003605
41510,36.05,0.0003605
41511,36.05,0.0003605
41512,36.37,0.0003637
41513,37.32,0.0003732
41514,37.32,0.0003732
41515,37.41,0.0003741
41516,37.36,0.0003736
41517,37.36,0.0003736
41518,37.36,0.0003736
41519,37.24,0.0003724
41520,37.49,0.0003749
41521,38.83,0.0003883
41522,38.95,0.0003895
41523,40.62,0.0004062
41524,40.62,0.0004062
41525,40.64,0.0004064
41526,39.74,0.0003974
41527,39.5,0.000395
41528,41.77,0.0004177
41529,41.73,0.0004173
41530,44.55,0.0004455
41531,44.55,0.0004455
41532,44.55,0.0004455
41533,44.66,0.0004466
41534,44.59,0.0004459
41535,44.36,0.0004436
41536,43.94,0.0004394
41537,43.97,0.0004397
41538,43.97,0.0004397
41539,44.13,0.0004413
41540,40.22,0.0004022
41541,41.1,0.000411
41542,41.18,0.0004118
41543,41.36,0.0004136
41544,41.67,0.0004167
41545,42.59,0.0004259
41546,42.59,0.0004259
41547,42.47,0.0004247
41548,42.12,0.0004212
41549,41.92,0.0004192
41550,42,0.00042
41551,41.92,0.0004192
41552,41.92,0.0004192
41553,44.94,0.0004494
41554,46.02,0.0004602
41555,44.8,0.000448
41556,45.07,0.0004507
41557,44.93,0.0004493
41558,44.92,0.0004492
41559,44.92,0.0004492
41560,46.01,0.0004601
41561,47.05,0.0004705
41562,47.07,0.0004707
41563,47.02,0.0004702
41564,47.02,0.0004702
41565,47.95,0.0004795
41566,47.95,0.0004795
41567,47.88,0.0004788
41568,48.08,0.0004808
41569,47.92,0.0004792
41570,49.26,0.0004926
41571,53.51,0.0005351
41572,53.43,0.0005343
41573,53.43,0.0005343
41574,53.43,0.0005343
41575,54.44,0.0005444
41576,54.42,0.0005442
41577,56.49,0.0005649
41578,56.71,0.0005671
41579,59.42,0.0005942
41580,59.42,0.0005942
41581,59.42,0.0005942
41582,58.24,0.0005824
41583,58.71,0.0005871
41584,58.59,0.0005859
41585,59.52,0.0005952
41586,59.61,0.0005961
41587,60.88,0.0006088
41588,61.03,0.0006103
41589,60,0.0006
41590,62.16,0.0006216
41591,63.97,0.0006397
41592,64.06,0.0006406
41593,61,0.00061
41594,61,0.00061
41595,61,0.00061
41596,59.21,0.0005921
41597,54.97,0.0005497
41598,56.77,0.0005677
41599,60.18,0.0006018
41600,62.09,0.0006209
41601,62.09,0.0006209
41602,62.09,0.0006209
41603,60.12,0.0006012
41604,62.03,0.0006203
41605,62.03,0.0006203
41606,62.03,0.0006203
41607,62.19,0.0006219
41608,62.19,0.0006219
41609,62.25,0.0006225
41610,62.25,0.0006225
41611,64.61,0.0006461
41612,64.74,0.0006474
41613,64.42,0.0006442
41614,64.19,0.0006419
41615,64.19,0.0006419
41616,64.26,0.0006426
41617,64.23,0.0006423
41618,64.26,0.0006426
41619,64.26,0.0006426
41620,64.26,0.0006426
41621,64.13,0.0006413
41622,64.13,0.0006413
41623,64.1,0.000641
41624,64.26,0.0006426
41625,64.52,0.0006452
41626,64.55,0.0006455
41628,64.23,0.0006423
41629,64.23,0.0006423
41630,64.26,0.0006426
41631,63.94,0.0006394
41632,63.9,0.000639
41633,63.97,0.0006397
41634,63.84,0.0006384
41635,64,0.00064
41636,64,0.00064
41637,64.13,0.0006413
41638,64.13,0.0006413
41639,64.1,0.000641
41640,64.13,0.0006413
41641,64.52,0.0006452
41642,64.42,0.0006442
41643,64.42,0.0006442
41644,64.42,0.0006442
41645,64.39,0.0006439
41646,64.1,0.000641
41647,64.23,0.0006423
41648,66.4,0.000664
41649,66.1,0.000661
41650,66.1,0.000661
41651,66.1,0.000661
41652,68.45,0.0006845
41653,68.76,0.0006876
41654,74.11,0.0007411
41655,74.41,0.0007441
41656,74.93,0.0007493
41657,72.25,0.0007225
41658,72.25,0.0007225
41659,72.29,0.0007229
41660,73.07,0.0007307
41661,78.73,0.0007873
41662,76.48,0.0007648
41663,76.19,0.0007619
41664,76.19,0.0007619
41665,76.22,0.0007622
41666,76.59,0.0007659
41667,79.31,0.0007931
41668,79.54,0.0007954
41669,79.69,0.0007969
41670,79.88,0.0007988
41671,79.88,0.0007988
41672,80,0.0008
41673,81.27,0.0008127
41674,80.69,0.0008069
41675,81.19,0.0008119
41676,81.08,0.0008108
41677,81.15,0.0008115
41678,81.15,0.0008115
41679,81.15,0.0008115
41680,81.23,0.0008123
41681,84.04,0.0008404
41682,87.08,0.0008708
41683,87.12,0.0008712
41684,86.88,0.0008688
41685,86.88,0.0008688
41686,87,0.00087
41687,86.25,0.0008625
41688,87.12,0.0008712
41689,87.92,0.0008792
41690,87.75,0.0008775
41691,87.71,0.0008771
41692,87.71,0.0008771
41693,87.62,0.0008762
41694,87.67,0.0008767
41695,87.75,0.0008775
41696,88.21,0.0008821
41698,86,0.00086
41699,84.28,0.0008428
41700,84.32,0.0008432
41701,81.31,0.0008131
41702,81.15,0.0008115
41703,80.81,0.0008081
41704,80.46,0.0008046
41705,80.54,0.0008054
41706,80.54,0.0008054
41707,80.31,0.0008031
41708,80.88,0.0008088
41709,78.04,0.0007804
41710,78.11,0.0007811
41711,75.36,0.0007536
41712,75.18,0.0007518
41713,75.18,0.0007518
41714,72.69,0.0007269
41715,73.54,0.0007354
41716,69.73,0.0006973
41717,66.84,0.0006684
41718,64.19,0.0006419
41719,57.06,0.0005706
41720,57.86,0.0005786
41721,57.86,0.0005786
41722,58.63,0.0005863
41723,72.82,0.0007282
41724,77.88,0.0007788
41725,67.47,0.0006747
41726,65.29,0.0006529
41727,67.47,0.0006747
41728,67.5,0.000675
41729,70.03,0.0007003
41730,69.69,0.0006969
41731,66.36,0.0006636
41732,66.36,0.0006636
41733,67,0.00067
41734,67.63,0.0006763
41735,67.67,0.0006767
41736,67.1,0.000671
41737,66.87,0.0006687
41738,66.87,0.0006687
41739,66.47,0.0006647
41740,66.53,0.0006653
41741,66.53,0.0006653
41742,66.53,0.0006653
41743,66.8,0.000668
41744,67.1,0.000671
41745,64.71,0.0006471
41746,64.77,0.0006477
41747,64.74,0.0006474
41748,64.74,0.0006474
41749,64.74,0.0006474
41750,66.57,0.0006657
41751,66.97,0.0006697
41752,67.07,0.0006707
41753,67.2,0.000672
41754,67.43,0.0006743
41755,67.43,0.0006743
41756,67.43,0.0006743
41757,68.37,0.0006837
41758,69.41,0.0006941
41759,69.48,0.0006948
41760,69.24,0.0006924
41761,69.14,0.0006914
41762,69.14,0.0006914
41763,69.48,0.0006948
41764,68.93,0.0006893
41765,68.86,0.0006886
41766,68.66,0.0006866
41767,68.17,0.0006817
41768,73.3,0.000733
41769,73.3,0.000733
41770,73.3,0.000733
41771,73.74,0.0007374
41772,71.46,0.0007146
41773,74.07,0.0007407
41774,74.3,0.000743
41775,75.58,0.0007558
41776,75.58,0.0007558
41777,75.58,0.0007558
41778,72.69,0.0007269
41779,72.69,0.0007269
41780,71.14,0.0007114
41781,69.51,0.0006951
41782,70.93,0.0007093
41783,70.93,0.0007093
41784,70.96,0.0007096
41785,70.93,0.0007093
41786,71.18,0.0007118
41787,70.93,0.0007093
41788,70.79,0.0007079
41789,70.46,0.0007046
41790,70.46,0.0007046
41791,70.5,0.000705
41792,70.57,0.0007057
41793,70.5,0.000705
41794,70.54,0.0007054
41795,70.29,0.0007029
41796,70,0.0007
41797,70,0.0007
41798,70.04,0.0007004
41799,70,0.0007
41800,69.96,0.0006996
41801,71.24,0.0007124
41802,72.33,0.0007233
41803,72.41,0.0007241
41804,72.41,0.0007241
41805,72.44,0.0007244
41806,72.67,0.0007267
41807,71.93,0.0007193
41808,72.89,0.0007289
41809,72.56,0.0007256
41810,72.52,0.0007252
41811,72.52,0.0007252
41812,72.56,0.0007256
41813,72.48,0.0007248
41814,72.78,0.0007278
41815,72.67,0.0007267
41816,72.52,0.0007252
41817,72.41,0.0007241
41818,72.41,0.0007241
41819,72.44,0.0007244
41820,72.37,0.0007237
41821,68.18,0.0006818
41822,70.29,0.0007029
41823,70,0.0007
41824,69.96,0.0006996
41825,69.96,0.0006996
41826,69.6,0.000696
41827,71.37,0.0007137
41828,71.41,0.0007141
41829,72.98,0.0007298
41830,74.42,0.0007442
41831,77.41,0.0007741
41832,77.41,0.0007741
41833,77.49,0.0007749
41834,77.73,0.0007773
41835,79.56,0.0007956
41836,79.6,0.000796
41837,82.83,0.0008283
41838,80.41,0.0008041
41839,80.2,0.000802
41840,80.2,0.000802
41841,79.76,0.0007976
41842,74.65,0.0007465
41843,74.62,0.0007462
41844,76,0.00076
41845,76.08,0.0007608
41846,76.08,0.0007608
41847,76.08,0.0007608
41848,76.2,0.000762
41849,76.27,0.0007627
41850,77.1,0.000771
41851,77.33,0.0007733
41852,78.68,0.0007868
41853,78.68,0.0007868
41854,78.68,0.0007868
41855,78.88,0.0007888
41856,79.44,0.0007944
41857,79.28,0.0007928
41858,80.9,0.000809
41859,81.06,0.0008106
41860,81.06,0.0008106
41861,81.06,0.0008106
41862,80.61,0.0008061
41863,80.45,0.0008045
41864,82.38,0.0008238
41865,83.87,0.0008387
41866,82.46,0.0008246
41867,82.46,0.0008246
41868,82.46,0.0008246
41869,82.46,0.0008246
41870,82.83,0.0008283
41871,83.67,0.0008367
41872,83.96,0.0008396
41873,84.17,0.0008417
41874,84.17,0.0008417
41875,84.17,0.0008417
41876,86.34,0.0008634
41877,86.17,0.0008617
41878,87.96,0.0008796
41879,90.59,0.0009059
41880,89.82,0.0008982
41881,87.82,0.0008782
41882,87.82,0.0008782
41883,87.82,0.0008782
41884,88.4,0.000884
41885,88.09,0.0008809
41886,88.4,0.000884
41887,90.59,0.0009059
41888,91.77,0.0009177
41889,91.77,0.0009177
41890,92.09,0.0009209
41891,92.32,0.0009232
41892,92.91,0.0009291
41893,96.14,0.0009614
41894,97.95,0.0009795
41895,97.95,0.0009795
41896,97.95,0.0009795
41897,97.48,0.0009748
41898,94.74,0.0009474
41899,93.36,0.0009336
41900,95.9,0.000959
41901,95.52,0.0009552
41902,95.52,0.0009552
41903,95.52,0.0009552
41904,96.76,0.0009676
41905,97,0.00097
41906,97.48,0.0009748
41907,98.1,0.000981
41908,100.68,0.0010068
41909,100.68,0.0010068
41910,100.68,0.0010068
41911,100.93,0.0010093
41912,100.59,0.0010059
41913,100.78,0.0010078
41914,101.53,0.0010153
41915,101.77,0.0010177
41916,102.76,0.0010276
41917,102.76,0.0010276
41918,100.43,0.0010043
41919,100.33,0.0010033
41920,98.65,0.0009865
41921,98.74,0.0009874
41922,99.3,0.000993
41923,99.3,0.000993
41924,99.3,0.000993
41925,99.3,0.000993
41926,97.75,0.0009775
41927,97.2,0.000972
41928,97.09,0.0009709
41929,96.64,0.0009664
41930,98.43,0.0009843
41931,98.43,0.0009843
41932,98.93,0.0009893
41933,98.09,0.0009809
41934,100.52,0.0010052
41935,101.63,0.0010163
41936,102.26,0.0010226
41937,102.26,0.0010226
41938,102.26,0.0010226
41939,102.95,0.0010295
41940,102.27,0.0010227
41941,101.69,0.0010169
41942,102.03,0.0010203
41943,102.56,0.0010256
41944,102.56,0.0010256
41945,102.56,0.0010256
41946,102.56,0.0010256
41947,101.8,0.001018
41948,102.04,0.0010204
41949,103.28,0.0010328
41950,104.12,0.0010412
41951,104.12,0.0010412
41952,104.12,0.0010412
41953,106.2,0.001062
41954,107.27,0.0010727
41955,113.62,0.0011362
41956,116.43,0.0011643
41957,121.22,0.0012122
41958,121.22,0.0012122
41959,121.22,0.0012122
41960,121.22,0.0012122
41961,124.57,0.0012457
41962,124.46,0.0012446
41963,124.46,0.0012446
41964,123.6,0.001236
41965,123.6,0.001236
41966,123.6,0.001236
41967,128.18,0.0012818
41968,128.41,0.0012841
41969,137.48,0.0013748
41970,143.82,0.0014382
41971,153.66,0.0015366
41972,153.66,0.0015366
41973,153.66,0.0015366
41974,159.02,0.0015902
41975,158.04,0.0015804
41976,158.94,0.0015894
41977,165.38,0.0016538
41978,174.03,0.0017403
41979,174.03,0.0017403
41980,174.03,0.0017403
41981,174.03,0.0017403
41982,178.77,0.0017877
41983,181.23,0.0018123
41984,180.43,0.0018043
41985,179.08,0.0017908
41986,179.08,0.0017908
41987,179.08,0.0017908
41988,183.7,0.001837
41989,186.09,0.0018609
41990,182.23,0.0018223
41991,177.61,0.0017761
41992,175.99,0.0017599
41993,175.99,0.0017599
41994,175.99,0.0017599
41995,173.71,0.0017371
41996,173.17,0.0017317
41997,173.52,0.0017352
41998,173.52,0.0017352
41999,174.37,0.0017437
42000,174.37,0.0017437
42001,174.37,0.0017437
42002,172.21,0.0017221
42003,173.24,0.0017324
42004,173.24,0.0017324
42005,173.24,0.0017324
42006,176.2,0.001762
42007,176.2,0.001762
42008,176.2,0.001762
42009,175.9,0.001759
42010,175.1,0.001751
42011,178.74,0.0017874
42012,187.04,0.0018704
42013,187.19,0.0018719
42014,187.19,0.0018719
42015,187.19,0.0018719
42016,187.19,0.0018719
42017,179.3,0.001793
42018,179.02,0.0017902
42019,173.66,0.0017366
42020,175.03,0.0017503
42022,175.03,0.0017503
42023,175.03,0.0017503
42024,174.27,0.0017427
42025,177.07,0.0017707
42026,181.68,0.0018168
42027,184.19,0.0018419
42028,184.19,0.0018419
42029,184.19,0.0018419
42030,184.19,0.0018419
42031,185.19,0.0018519
42032,183.7,0.001837
42033,186.44,0.0018644
42035,189.85,0.0018985
42036,189.85,0.0018985
42037,187.19,0.0018719
42038,186.04,0.0018604
42039,188.05,0.0018805
42040,188.2,0.001882
42041,188.2,0.001882
42042,188.2,0.001882
42043,188.2,0.001882
42044,187.14,0.0018714
42045,186.49,0.0018649
42046,190.75,0.0019075
42047,189.55,0.0018955
42048,187.59,0.0018759
42049,187.59,0.0018759
42050,187.59,0.0018759
42051,187.59,0.0018759
42052,189.33,0.0018933
42053,190.37,0.0019037
42054,190.15,0.0019015
42055,189.56,0.0018956
42056,189.56,0.0018956
42057,189.56,0.0018956
42058,195.07,0.0019507
42059,198.86,0.0019886
42060,202.56,0.0020256
42061,213.77,0.0021377
42062,222.12,0.0022212
42063,222.12,0.0022212
42064,222.12,0.0022212
42065,230.26,0.0023026
42066,237.35,0.0023735
42067,264.12,0.0026412
42068,281.05,0.0028105
42069,269.3,0.002693
42070,240.45,0.0024045
42071,240.45,0.0024045
42072,243.04,0.0024304
42073,245.45,0.0024545
42074,276.5,0.002765
42075,274,0.00274
42076,249.46,0.0024946
42077,249.46,0.0024946
42078,249.46,0.0024946
42079,267.43,0.0026743
42080,267.71,0.0026771
42081,260.19,0.0026019
42082,256.45,0.0025645
42083,253.93,0.0025393
42084,253.93,0.0025393
42085,253.93,0.0025393
42086,253.93,0.0025393
42087,247.94,0.0024794
42088,246.48,0.0024648
42089,247.96,0.0024796
42090,248.52,0.0024852
42091,248.52,0.0024852
42092,248.52,0.0024852
42093,250.37,0.0025037
42094,252.59,0.0025259
42095,245.91,0.0024591
42096,245.91,0.0024591
42097,245.91,0.0024591
42098,245.91,0.0024591
42099,245.91,0.0024591
42100,245.19,0.0024519
42101,249.34,0.0024934
42102,251.44,0.0025144
42103,251.83,0.0025183
42104,258.92,0.0025892
42105,258.92,0.0025892
42106,258.92,0.0025892
42107,266.4,0.002664
42108,276.08,0.0027608
42109,280.11,0.0028011
42110,275.58,0.0027558
42111,275.68,0.0027568
42112,275.68,0.0027568
42113,275.68,0.0027568
42114,274.84,0.0027484
42115,270,0.0027
42116,272.08,0.0027208
42117,275.68,0.0027568
42118,277.85,0.0027785
42119,277.85,0.0027785
42120,277.85,0.0027785
42121,282.22,0.0028222
42122,285.57,0.0028557
42123,288.16,0.0028816
42124,279.22,0.0027922
42125,279.22,0.0027922
42126,279.22,0.0027922
42127,279.22,0.0027922
42128,287.27,0.0028727
42129,278.44,0.0027844
42130,275.56,0.0027556
42131,285.86,0.0028586
42132,288.14,0.0028814
42133,288.14,0.0028814
42134,288.14,0.0028814
42135,287.36,0.0028736
42136,288.05,0.0028805
42137,300.72,0.0030072
42138,305.85,0.0030585
42139,317.12,0.0031712
42140,317.12,0.0031712
42141,317.12,0.0031712
42142,317.12,0.0031712
42143,337.53,0.0033753
42144,350.4,0.003504
42145,402,0.00402
42146,423.39,0.0042339
42147,422.54,0.0042254
42148,422.54,0.0042254
42149,397.06,0.0039706
42150,343.12,0.0034312
42151,366.8,0.003668
42152,423.54,0.0042354
42153,402.35,0.0040235
42154,402.35,0.0040235
42155,402.35,0.0040235
42156,410.9,0.004109
42157,419.25,0.0041925
42158,422.24,0.0042224
42159,438,0.00438
42160,424.41,0.0042441
42161,424.41,0.0042441
42162,424.41,0.0042441
42163,418.26,0.0041826
42164,415.59,0.0041559
42165,414.18,0.0041418
42166,416.72,0.0041672
42167,416.27,0.0041627
42168,416.27,0.0041627
42169,416.27,0.0041627
42170,416.27,0.0041627
42171,428.31,0.0042831
42172,431.54,0.0043154
42173,441.43,0.0044143
42174,459.51,0.0045951
42175,459.51,0.0045951
42176,459.51,0.0045951
42177,465.17,0.0046517
42178,467.5,0.004675
42179,470.5,0.004705
42180,476.44,0.0047644
42181,481.86,0.0048186
42182,481.86,0.0048186
42183,481.86,0.0048186
42184,481.86,0.0048186
42185,484.41,0.0048441
42186,489.66,0.0048966
42187,489.15,0.0048915
42188,501.21,0.0050121
42189,501.21,0.0050121
42190,501.21,0.0050121
42191,523.39,0.0052339
42192,547.96,0.0054796
42193,569.04,0.0056904
42194,611.88,0.0061188
42195,611.25,0.0061125
42196,611.25,0.0061125
42197,611.25,0.0061125
42198,630.21,0.0063021
42199,629.15,0.0062915
42200,621.67,0.0062167
42201,624.79,0.0062479
42202,630.62,0.0063062
42203,630.62,0.0063062
42204,630.62,0.0063062
42205,630.62,0.0063062
42206,633.54,0.0063354
42207,646.11,0.0064611
42208,650.11,0.0065011
42209,683.26,0.0068326
42210,683.26,0.0068326
42211,683.26,0.0068326
42212,682.39,0.0068239
42213,682.61,0.0068261
42214,682.61,0.0068261
42215,677.85,0.0067785
42217,676.99,0.0067699
42218,676.99,0.0067699
42219,686.67,0.0068667
42220,687.53,0.0068753
42221,696.77,0.0069677
42222,691.49,0.0069149
42223,691.49,0.0069149
42224,691.49,0.0069149
42225,691.49,0.0069149
42226,681.7,0.006817
42227,688.94,0.0068894
42228,687.45,0.0068745
42229,686.74,0.0068674
42230,686.74,0.0068674
42231,686.74,0.0068674
42233,676.49,0.0067649
42234,681.03,0.0068103
42235,686.39,0.0068639
42236,676.88,0.0067688
42237,700.99,0.0070099
42238,703.51,0.0070351
42239,703.51,0.0070351
42240,727.63,0.0072763
42241,724.33,0.0072433
42242,726.94,0.0072694
42243,717.35,0.0071735
42244,696.12,0.0069612
42245,696.12,0.0069612
42246,696.12,0.0069612
42247,698.35,0.0069835
42248,698.54,0.0069854
42249,711.63,0.0071163
42250,706.73,0.0070673
42251,705.31,0.0070531
42252,705.31,0.0070531
42253,705.31,0.0070531
42254,705.31,0.0070531
42255,710.82,0.0071082
42256,703.29,0.0070329
42257,704.95,0.0070495
42258,706.5,0.007065
42259,704.3,0.007043
42260,704.3,0.007043
42261,700.3,0.007003
42262,708.6,0.007086
42263,709.25,0.0070925
42264,710.56,0.0071056
42265,718.92,0.0071892
42266,718.27,0.0071827
42267,718.27,0.0071827
42268,730.65,0.0073065
42269,746.3,0.007463
42270,754.57,0.0075457
42271,763.26,0.0076326
42272,784.09,0.0078409
42273,784.09,0.0078409
42274,784.09,0.0078409
42275,797.24,0.0079724
42276,822.59,0.0082259
42277,823.1,0.008231
42278,826.27,0.0082627
42279,829.02,0.0082902
42280,829.02,0.0082902
42281,829.02,0.0082902
42282,792.14,0.0079214
42283,767.76,0.0076776
42284,735.91,0.0073591
42285,718.44,0.0071844
42286,718.65,0.0071865
42287,718.65,0.0071865
42288,718.65,0.0071865
42289,718.65,0.0071865
42290,720.1,0.007201
42291,728.89,0.0072889
42292,723.78,0.0072378
42293,791.55,0.0079155
42294,791.55,0.0079155
42295,791.55,0.0079155
42296,780.56,0.0078056
42297,788.73,0.0078873
42298,808.7,0.008087
42299,826.47,0.0082647
42300,820.6,0.008206
42301,820.6,0.008206
42302,820.6,0.008206
42303,820.59,0.0082059
42304,820.59,0.0082059
42305,817.65,0.0081765
42306,794.29,0.0079429
42307,785.92,0.0078592
42308,785.92,0.0078592
42309,785.92,0.0078592
42310,785.92,0.0078592
42311,794.29,0.0079429
42312,805.8,0.008058
42313,814.71,0.0081471
42314,826.87,0.0082687
42315,826.87,0.0082687
42316,826.87,0.0082687
42317,842.42,0.0084242
42318,845.45,0.0084545
42319,848.48,0.0084848
42320,848.48,0.0084848
42321,857.58,0.0085758
42322,857.58,0.0085758
42323,857.58,0.0085758
42324,857.58,0.0085758
42325,857.58,0.0085758
42327,873.85,0.0087385
42328,876.92,0.0087692
42329,876.92,0.0087692
42330,876.92,0.0087692
42331,873.85,0.0087385
42332,887.5,0.008875
42333,887.5,0.008875
42334,890.62,0.0089062
42335,890.62,0.0089062
42336,890.62,0.0089062
42337,890.62,0.0089062
42338,893.75,0.0089375
42339,911.11,0.0091111
42340,920.63,0.0092063
42341,920.63,0.0092063
42342,920.63,0.0092063
42343,920.63,0.0092063
42344,920.63,0.0092063
42345,906.25,0.0090625
42346,909.38,0.0090938
42347,886.36,0.0088636
42348,857.14,0.0085714
42349,857.14,0.0085714
42350,857.14,0.0085714
42351,857.14,0.0085714
42352,860,0.0086
42353,878.26,0.0087826
42354,878.26,0.0087826
42355,865.71,0.0086571
42356,865.71,0.0086571
42357,865.71,0.0086571
42358,865.71,0.0086571
42359,841.67,0.0084167
42360,841.67,0.0084167
42361,841.67,0.0084167
42362,841.67,0.0084167
42363,841.67,0.0084167
42364,841.67,0.0084167
42365,841.67,0.0084167
42366,836.11,0.0083611
42367,833.33,0.0083333
42368,833.33,0.0083333
42369,833.33,0.0083333
42370,833.33,0.0083333
42371,833.33,0.0083333
42372,833.33,0.0083333
42373,845.07,0.0084507
42374,845.07,0.0084507
42375,838.89,0.0083889
42376,838.89,0.0083889
42377,838.89,0.0083889
42378,838.89,0.0083889
42379,838.89,0.0083889
42380,838.89,0.0083889
42381,859.15,0.0085915
42382,865.71,0.0086571
42383,865.71,0.0086571
42384,865.71,0.0086571
42385,865.71,0.0086571
42386,865.71,0.0086571
42387,878.26,0.0087826
42388,897.06,0.0089706
42389,913.43,0.0091343
42390,927.27,0.0092727
42391,941.54,0.0094154
42392,941.54,0.0094154
42393,941.54,0.0094154
42394,959.38,0.0095938
42395,965.62,0.0096562
42396,965.62,0.0096562
42397,968.75,0.0096875
42398,984.13,0.0098413
42399,984.13,0.0098413
42400,984.13,0.0098413
42401,984.13,0.0098413
42402,996.77,0.0099677
42403,1003.23,0.0100323
42404,1016.39,0.0101639
42405,1016.39,0.0101639
42406,1016.39,0.0101639
42407,1016.39,0.0101639
42408,1016.39,0.0101639
42409,1016.39,0.0101639
42410,1026.23,0.0102623
42411,1026.23,0.0102623
42412,1026.23,0.0102623
42413,1026.23,0.0102623
42414,1026.23,0.0102623
42415,1029.03,0.0102903
42416,1029.03,0.0102903
42417,1045.9,0.010459
42418,1045.9,0.010459
42419,1045.9,0.010459
42420,1045.9,0.010459
42421,1045.9,0.010459
42422,1060,0.0106
42423,1060,0.0106
42424,1071.19,0.0107119
42425,1089.66,0.0108966
42426,1089.66,0.0108966
42427,1089.66,0.0108966
42428,1089.66,0.0108966
42429,1089.66,0.0108966
42430,1093.1,0.010931
42431,1093.1,0.010931
42432,1093.1,0.010931
42433,1105.26,0.0110526
42434,1105.26,0.0110526
42435,1105.26,0.0110526
42436,1125,0.01125
42437,1145.45,0.0114545
42438,1184.91,0.0118491
42439,1211.54,0.0121154
42440,1211.54,0.0121154
42441,1211.54,0.0121154
42442,1211.54,0.0121154
42443,1211.54,0.0121154
42444,1211.54,0.0121154
42445,1211.54,0.0121154
42446,1211.54,0.0121154
42447,1211.54,0.0121154
42448,1211.54,0.0121154
42449,1211.54,0.0121154
42450,1211.54,0.0121154
42451,1211.54,0.0121154
42452,1171.15,0.0117115
42453,1171.15,0.0117115
42454,1171.15,0.0117115
42455,1171.15,0.0117115
42456,1171.15,0.0117115
42457,1171.15,0.0117115
42458,1171.15,0.0117115
42459,1150,0.0115
42460,1172.55,0.0117255
42461,1172.55,0.0117255
42462,1172.55,0.0117255
42463,1172.55,0.0117255
42464,1125.49,0.0112549
42465,1164.71,0.0116471
42466,1142.31,0.0114231
42467,1142.31,0.0114231
42468,1142.31,0.0114231
42469,1142.31,0.0114231
42470,1142.31,0.0114231
42471,1142.31,0.0114231
42472,1138.46,0.0113846
42473,1138.46,0.0113846
42474,1134.62,0.0113462
42475,1134.62,0.0113462
42476,1134.62,0.0113462
42477,1134.62,0.0113462
42478,1136.54,0.0113654
42479,1136.54,0.0113654
42480,1111.54,0.0111154
42481,1111.54,0.0111154
42482,1111.54,0.0111154
42483,1115.38,0.0111538
42484,1115.38,0.0111538
42485,1126.92,0.0112692
42486,1126.92,0.0112692
42487,1126.92,0.0112692
42488,1115.38,0.0111538
42489,1115.38,0.0111538
42490,1115.38,0.0111538
42491,1115.38,0.0111538
42492,1115.38,0.0111538
42493,1096.15,0.0109615
42494,1096.15,0.0109615
42495,1096.15,0.0109615
42496,1109.62,0.0110962
42497,1109.62,0.0110962
42498,1109.62,0.0110962
42499,1109.62,0.0110962
42500,1113.46,0.0111346
42501,1090.57,0.0109057
42502,1090.57,0.0109057
42503,1096.15,0.0109615
42504,1096.15,0.0109615
42505,1096.15,0.0109615
42506,1096.15,0.0109615
42507,1075.47,0.0107547
42508,1075.47,0.0107547
42509,1098.11,0.0109811
42510,1050.91,0.0105091
42511,1050.91,0.0105091
42512,1050.91,0.0105091
42513,1050.91,0.0105091
42514,1032.69,0.0103269
42515,1032.69,0.0103269
42516,1014.04,0.0101404
42517,999.87,0.0099987
42518,999.87,0.0099987
42519,999.87,0.0099987
42520,999.87,0.0099987
42521,1017.54,0.0101754
42522,996.55,0.0099655
42523,996.55,0.0099655
42524,996.55,0.0099655
42527,996.55,0.0099655
42528,998.28,0.0099828
42530,996.55,0.0099655
42532,1055.56,0.0105556
42535,1055.56,0.0105556
42536,1055.56,0.0105556
42537,1094.34,0.0109434
42538,1094.34,0.0109434
42539,1094.34,0.0109434
42540,1094.34,0.0109434
42541,1094.34,0.0109434
42542,1079.63,0.0107963
42543,1079.63,0.0107963
42544,1065.45,0.0106545
42545,1043.64,0.0104364
42546,1043.64,0.0104364
42547,1043.64,0.0104364
42548,1047.27,0.0104727
42549,1047.27,0.0104727
42551,1043.64,0.0104364
42552,1040,0.0104
42553,1040,0.0104
42554,1040,0.0104
42555,1037.78,0.0103778
42556,1035.37,0.0103537
42557,1036.87,0.0103687
42558,1033.56,0.0103356
42559,1030.85,0.0103085
42560,1030.85,0.0103085
42561,1030.85,0.0103085
42562,1021.57,0.0102157
42563,1016.74,0.0101674
42564,1015.03,0.0101503
42565,1014.35,0.0101435
42566,1010.65,0.0101065
42567,1010.65,0.0101065
42568,1010.65,0.0101065
42569,1007.24,0.0100724
42570,1009.67,0.0100967
42571,1005.87,0.0100587
42572,1006.34,0.0100634
42573,1007.63,0.0100763
42574,1007.63,0.0100763
42575,1007.63,0.0100763
42576,1010.82,0.0101082
42577,1010.82,0.0101082
42578,1010.82,0.0101082
42579,1008.32,0.0100832
42580,1005.74,0.0100574
42581,1005.74,0.0100574
42582,1005.74,0.0100574
42583,1003.63,0.0100363
42584,1001.85,0.0100185
42585,999.65,0.0099965
42586,1003.26,0.0100326
42587,1003.26,0.0100326
42588,1003.26,0.0100326
42589,1003.26,0.0100326
42590,1006.35,0.0100635
42591,1008.52,0.0100852
42592,1008.52,0.0100852
42593,1009.36,0.0100936
42594,1011.95,0.0101195
42595,1011.95,0.0101195
42596,1011.95,0.0101195
42597,1011.95,0.0101195
42598,1007.63,0.0100763
42599,1009.14,0.0100914
42600,1010.88,0.0101088
42601,1008.39,0.0100839
42602,1008.39,0.0100839
42603,1008.39,0.0100839
42604,1011.87,0.0101187
42605,1015.49,0.0101549
42606,1018.73,0.0101873
42607,1016.39,0.0101639
42608,1021.87,0.0102187
42609,1021.87,0.0102187
42610,1021.87,0.0102187
42611,1020.61,0.0102061
42612,1025.96,0.0102596
42613,1028.85,0.0102885
42614,1022.98,0.0102298
42615,1020.84,0.0102084
42616,1020.84,0.0102084
42617,1020.84,0.0102084
42618,1018.78,0.0101878
42619,1021.74,0.0102174
42620,1024.93,0.0102493
42621,1022.84,0.0102284
42622,1025.39,0.0102539
42623,1025.39,0.0102539
42624,1025.39,0.0102539
42625,1024.89,0.0102489
42626,1022.87,0.0102287
42627,1025.63,0.0102563
42628,1024.84,0.0102484
42629,1026.13,0.0102613
42630,1026.13,0.0102613
42631,1026.13,0.0102613
42632,1012.63,0.0101263
42633,1010.29,0.0101029
42634,1008.16,0.0100816
42635,1010.21,0.0101021
42636,1017.34,0.0101734
42637,1017.34,0.0101734
42638,1017.34,0.0101734
42639,1035.72,0.0103572
42640,1052.76,0.0105276
42641,1061.79,0.0106179
42642,1070.85,0.0107085
42643,1078.34,0.0107834
42644,1078.34,0.0107834
42645,1078.34,0.0107834
42646,1084.63,0.0108463
42647,1084.63,0.0108463
42648,1082.78,0.0108278
42649,1087.62,0.0108762
42650,1092.73,0.0109273
42651,1092.73,0.0109273
42652,1092.73,0.0109273
42653,1103.76,0.0110376
42654,1118.69,0.0111869
42655,1134.93,0.0113493
42656,1146.28,0.0114628
42657,1167.49,0.0116749
42658,1167.49,0.0116749
42659,1167.49,0.0116749
42660,1178.51,0.0117851
42661,1189.34,0.0118934
42662,1197.78,0.0119778
42663,1204.78,0.0120478
42664,1209.81,0.0120981
42665,1209.81,0.0120981
42666,1209.81,0.0120981
42667,1221.87,0.0122187
42668,1262.31,0.0126231
42669,1327.08,0.0132708
42670,1385.52,0.0138552
42671,1417.23,0.0141723
42672,1417.23,0.0141723
42673,1417.23,0.0141723
42674,1501.17,0.0150117
42675,1567.35,0.0156735
42676,1604.82,0.0160482
42677,1682.12,0.0168212
42678,1758.23,0.0175823
42679,1758.23,0.0175823
42680,1758.23,0.0175823
42681,1756.91,0.0175691
42682,1821.61,0.0182161
42683,1844.02,0.0184402
42684,1883.25,0.0188325
42685,1905.98,0.0190598
42686,1905.98,0.0190598
42687,1905.98,0.0190598
42688,1905.98,0.0190598
42689,1911.02,0.0191102
42690,1922.87,0.0192287
42691,1952.11,0.0195211
42692,1967.69,0.0196769
42693,1967.69,0.0196769
42694,1967.69,0.0196769
42695,2192.65,0.0219265
42696,2301.72,0.0230172
42697,2474.23,0.0247423
42698,2752.89,0.0275289
42699,2971.62,0.0297162
42700,2971.62,0.0297162
42701,2971.62,0.0297162
42702,3687.51,0.0368751
42703,3986.48,0.0398648
42704,4538.46,0.0453846
42705,4587.73,0.0458773
42706,4402.55,0.0440255
42707,4402.55,0.0440255
42708,4402.55,0.0440255
42709,4138.89,0.0413889
42710,4242.86,0.0424286
42711,4261.35,0.0426135
42712,4265.62,0.0426562
42713,4254.11,0.0425411
42714,4254.11,0.0425411
42715,4254.11,0.0425411
42716,3980.51,0.0398051
42717,3570.74,0.0357074
42718,3105.11,0.0310511
42719,2480.52,0.0248052
42720,2504.11,0.0250411
42721,2507.09,0.0250709
42722,2507.09,0.0250709
42723,2650.75,0.0265075
42724,2718.37,0.0271837
42725,2751.22,0.0275122
42726,2755.72,0.0275572
42727,2802.47,0.0280247
42728,2802.47,0.0280247
42729,2802.47,0.0280247
42730,2851.07,0.0285107
42731,2923.54,0.0292354
42732,2875.43,0.0287543
42733,3107.73,0.0310773
42734,3164.72,0.0316472
42735,3164.72,0.0316472
42736,3164.72,0.0316472
42737,3207.54,0.0320754
42738,3209.78,0.0320978
42739,3190.75,0.0319075
42740,3250.22,0.0325022
42741,3348.36,0.0334836
42742,3348.36,0.0334836
42743,3348.36,0.0334836
42744,3355.23,0.0335523
42745,3351.73,0.0335173
42746,3353.11,0.0335311
42747,3401.44,0.0340144
42748,3510.54,0.0351054
42749,3510.54,0.0351054
42750,3510.54,0.0351054
42751,3607.05,0.0360705
42752,3723.41,0.0372341
42753,3755.22,0.0375522
42754,3751.62,0.0375162
42755,3753.01,0.0375301
42756,3753.01,0.0375301
42757,3753.01,0.0375301
42758,3751.11,0.0375111
42759,3680.51,0.0368051
42760,3684.31,0.0368431
42761,3652.07,0.0365207
42762,3650.02,0.0365002
42763,3650.02,0.0365002
42764,3650.02,0.0365002
42765,3541.36,0.0354136
42766,3545.01,0.0354501
42767,3551.62,0.0355162
42768,3322.55,0.0332255
42769,3323.02,0.0332302
42770,3323.02,0.0332302
42771,3323.02,0.0332302
42772,3376.4,0.033764
42773,3451.62,0.0345162
42774,3581.77,0.0358177
42775,3640.29,0.0364029
42776,3720.12,0.0372012
42777,3720.12,0.0372012
42778,3720.12,0.0372012
42779,3820.83,0.0382083
42780,3910.74,0.0391074
42781,4105.15,0.0410515
42782,4190.89,0.0419089
42783,4229.94,0.0422994
42784,4229.94,0.0422994
42785,4229.94,0.0422994
42786,4276.64,0.0427664
42787,4285.18,0.0428518
42788,4325.1,0.043251
42789,4327.82,0.0432782
42790,4329.11,0.0432911
42791,4329.11,0.0432911
42792,4329.11,0.0432911
42793,4329.11,0.0432911
42794,4329.11,0.0432911
42795,4334.41,0.0433441
42796,4339.77,0.0433977
42797,4158.77,0.0415877
42798,4158.77,0.0415877
42799,4158.77,0.0415877
42800,3962.86,0.0396286
42801,3879.78,0.0387978
42802,3690.28,0.0369028
42803,3430.87,0.0343087
42804,3209.13,0.0320913
42805,3209.13,0.0320913
42806,3209.13,0.0320913
42807,2930.74,0.0293074
42808,2804.61,0.0280461
42809,2770.84,0.0277084
42810,2777.69,0.0277769
42811,2772.62,0.0277262
42812,2772.62,0.0277262
42813,2772.62,0.0277262
42814,2807.54,0.0280754
42815,2803.11,0.0280311
42816,2905.76,0.0290576
42817,3014.02,0.0301402
42818,3009.81,0.0300981
42819,3009.81,0.0300981
42820,3009.81,0.0300981
42821,3063.18,0.0306318
42822,3098.32,0.0309832
42823,3203.62,0.0320362
42824,3451.74,0.0345174
42825,3790.81,0.0379081
42826,3790.81,0.0379081
42827,3790.81,0.0379081
42828,3709.63,0.0370963
42829,4097.56,0.0409756
42830,4201.62,0.0420162
42831,4304.73,0.0430473
42832,4407.51,0.0440751
42833,4407.51,0.0440751
42834,4407.51,0.0440751
42835,4411.22,0.0441122
42836,4411.82,0.0441182
42837,4412.01,0.0441201
42838,4412.01,0.0441201
42839,4412.01,0.0441201
42840,4412.01,0.0441201
42841,4412.01,0.0441201
42842,4412.85,0.0441285
42843,4507.63,0.0450763
42844,4601.57,0.0460157
42845,4708.77,0.0470877
42846,4711.73,0.0471173
42847,4711.73,0.0471173
42848,4711.73,0.0471173
42849,4908.73,0.0490873
42850,4871.62,0.0487162
42851,4512.33,0.0451233
42852,4280.72,0.0428072
42853,4283.17,0.0428317
42854,4283.17,0.0428317
42855,4283.17,0.0428317
42856,4283.17,0.0428317
42857,4608.75,0.0460875
42858,4907.63,0.0490763
42859,4989.07,0.0498907
42860,5105.71,0.0510571
42861,5105.71,0.0510571
42862,5105.71,0.0510571
42863,5113.87,0.0511387
42864,5117.11,0.0511711
42865,5118.09,0.0511809
42866,5201.87,0.0520187
42867,5383.11,0.0538311
42868,5383.11,0.0538311
42869,5383.11,0.0538311
42870,5411.73,0.0541173
42871,5507.83,0.0550783
42872,5711.53,0.0571153
42873,5801.55,0.0580155
42874,5807.58,0.0580758
42875,5807.58,0.0580758
42876,5807.58,0.0580758
42877,5851.63,0.0585163
42878,5890.73,0.0589073
42879,5907.87,0.0590787
42880,5980.75,0.0598075
42881,6079.87,0.0607987
42882,6079.87,0.0607987
42883,6079.87,0.0607987
42884,6079.87,0.0607987
42885,6081.67,0.0608167
42886,6108.97,0.0610897
42887,6112.88,0.0611288
42888,6205.98,0.0620598
42889,6205.98,0.0620598
42890,6205.98,0.0620598
42891,6308.62,0.0630862
42892,6480.63,0.0648063
42893,6540.93,0.0654093
42894,6780.93,0.0678093
42895,7107.86,0.0710786
42896,7107.86,0.0710786
42897,7107.86,0.0710786
42898,7297.07,0.0729707
42899,7480.97,0.0748097
42900,7711.14,0.0771114
42901,8104.71,0.0810471
42902,8287.53,0.0828753
42903,8287.53,0.0828753
42904,8287.53,0.0828753
42905,8291.47,0.0829147
42906,8292.84,0.0829284
42907,8293.89,0.0829389
42908,8301.71,0.0830171
42909,8301.71,0.0830171
42910,8301.71,0.0830171
42911,8301.71,0.0830171
42912,8284.17,0.0828417
42913,7980.67,0.0798067
42914,7984.07,0.0798407
42915,7873.05,0.0787305
42916,7780.95,0.0778095
42917,7780.95,0.0778095
42918,7780.95,0.0778095
42919,7780.95,0.0778095
42920,7690.63,0.0769063
42921,7678.93,0.0767893
42922,7674.09,0.0767409
42923,7672.81,0.0767281
42924,7672.81,0.0767281
42925,7672.81,0.0767281
42926,7671.97,0.0767197
42927,7960.55,0.0796055
42928,8109.99,0.0810999
42929,8460.87,0.0846087
42930,8493.97,0.0849397
42931,8493.97,0.0849397
42932,8493.97,0.0849397
42933,8481.07,0.0848107
42934,8470.74,0.0847074
42935,8469.87,0.0846987
42936,8469.87,0.0846987
42937,8790.84,0.0879084
42938,8790.84,0.0879084
42939,8790.84,0.0879084
42940,8820.52,0.0882052
42941,8917.51,0.0891751
42942,9390.95,0.0939095
42943,9787.79,0.0978779
42944,10389.79,0.1038979
42945,10389.79,0.1038979
42946,10389.79,0.1038979
42947,11185.95,0.1118595
42948,12197.74,0.1219774
42949,14760.89,0.1476089
42950,17980.95,0.1798095
42951,18982.93,0.1898293
42952,18982.93,0.1898293
42953,18982.93,0.1898293
42954,16480.17,0.1648017
42955,13077.01,0.1307701
42956,10387.55,0.1038755
42957,10987.97,0.1098797
42958,12163.68,0.1216368
42959,12163.68,0.1216368
42960,12163.68,0.1216368
42961,12894.75,0.1289475
42962,14158.47,0.1415847
42963,15445.07,0.1544507
42964,15501.81,0.1550181
42965,16256.74,0.1625674
42966,16256.74,0.1625674
42967,16256.74,0.1625674
42968,16280.05,0.1628005
42969,16840.75,0.1684075
42970,16845.07,0.1684507
42971,16850.47,0.1685047
42972,16857.52,0.1685752
42973,16857.52,0.1685752
42974,16857.52,0.1685752
42975,16891.95,0.1689195
42976,17562.56,0.1756256
42977,17662.73,0.1766273
42978,17730.85,0.1773085
42979,18470.97,0.1847097
42980,18470.97,0.1847097
42981,18470.45,0.1847045
42982,19105.45,0.1910545
42983,19490.97,0.1949097
42984,19870.85,0.1987085
42985,20192.95,0.2019295
42986,21105.95,0.2110595
42987,21105.95,0.2110595
42988,21105.95,0.2110595
42989,21105.95,0.2110595
42990,21790.95,0.2179095
42991,22430.65,0.2243065
42992,23218.54,0.2321854
42993,23744.63,0.2374463
42994,23744.63,0.2374463
42995,23744.63,0.2374463
42996,24431.56,0.2443156
42997,25237.02,0.2523702
42998,23786.68,0.2378668
42999,22938.23,0.2293823
43000,22337.22,0.2233722
43001,22337.22,0.2233722
43002,22337.22,0.2233722
43003,23781.34,0.2378134
43004,25128.56,0.2512856
43005,27051.64,0.2705164
43006,28434.07,0.2843407
43007,29146.11,0.2914611
43008,29146.11,0.2914611
43009,29146.11,0.2914611
43010,29168.14,0.2916814
43011,29170.91,0.2917091
43012,29387.69,0.2938769
43013,27651.15,0.2765115
43014,26749.28,0.2674928
43015,26749.28,0.2674928
43016,26749.28,0.2674928
43017,26645.68,0.2664568
43018,26808.31,0.2680831
43019,27212.4,0.272124
43020,29173.29,0.2917329
43021,31109.3,0.311093
43022,31109.3,0.311093
43023,31109.3,0.311093
43024,32123.78,0.3212378
43025,33348.41,0.3334841
43026,34101.73,0.3410173
43027,36201.18,0.3620118
43028,38087.43,0.3808743
43029,38087.43,0.3808743
43030,38087.43,0.3808743
43031,40072.99,0.4007299
43032,42715.91,0.4271591
43033,42144.02,0.4214402
43034,40323.49,0.4032349
43035,41152.81,0.4115281
43036,41152.81,0.4115281
43037,41152.81,0.4115281
43038,41243.87,0.4124387
43039,41194.87,0.4119487
43040,41290.28,0.4129028
43041,42293.57,0.4229357
43042,44347.76,0.4434776
43043,44347.76,0.4434776
43044,44347.76,0.4434776
43045,46238.67,0.4623867
43046,48532.11,0.4853211
43047,49706.5,0.497065
43048,49830.98,0.4983098
43049,52128.74,0.5212874
43050,52128.74,0.5212874
43051,52128.74,0.5212874
43052,55216.67,0.5521667
43053,57378.87,0.5737887
43054,60942.07,0.6094207
43055,65962.69,0.6596269
43056,73218.75,0.7321875
43057,73218.75,0.7321875
43058,73218.75,0.7321875
43059,81271.27,0.8127127
43060,84372.18,0.8437218
43061,82363.57,0.8236357
43062,81759.98,0.8175998
43063,82185.75,0.8218575
43064,82185.75,0.8218575
43065,82185.75,0.8218575
43066,84457.36,0.8445736
43067,88235.61,0.8823561
43068,96794.46,0.9679446
43069,97192.71,0.9719271
43070,103024.27,1.0302427
43071,103024.27,1.0302427
43072,103024.27,1.0302427
43073,108279.53,1.0827953
43074,103190.42,1.0319042
43075,98609.89,0.9860989
43076,95440.47,0.9544047
43077,92778.11,0.9277811
43078,92778.11,0.9277811
43079,92778.11,0.9277811
43080,92778.11,0.9277811
43081,96396.45,0.9639645
43082,102276.63,1.0227663
43083,103555.08,1.0355508
43084,108198.44,1.0819844
43085,108198.44,1.0819844
43086,108198.44,1.0819844
43087,115734.62,1.1573462
43088,124190.13,1.2419013
43089,121205.72,1.2120572
43090,115265.19,1.1526519
43091,112268.29,1.1226829
43092,112268.29,1.1226829
43093,112268.29,1.1226829
43094,112268.29,1.1226829
43095,112137.87,1.1213787
43096,106924.96,1.0692496
43097,107128.11,1.0712811
43098,111413.23,1.1141323
43099,111413.23,1.1141323
43100,111413.23,1.1141323
43101,111413.23,1.1141323
43102,119779.97,1.1977997
43103,123110.49,1.2311049
43104,128446.21,1.2844621
43105,136582.17,1.3658217
43106,136582.17,1.3658217
43107,136582.17,1.3658217
43108,143274.69,1.4327469
43109,151496.94,1.5149694
43110,157541.72,1.5754172
43111,168469.65,1.6846965
43112,178546.48,1.7854648
43113,178546.48,1.7854648
43114,178546.48,1.7854648
43115,182492.35,1.8249235
43117,194026.58,1.9402658
43118,201787.64,2.0178764
43119,211337.55,2.1133755
43120,211337.55,2.1133755
43121,211337.55,2.1133755
43123,241664.88,2.4166488
43124,261517.23,2.6151723
43125,263803.29,2.6380329
43126,266630.76,2.6663076
43127,266630.77,2.6663077
43128,266630.77,2.6663077
43129,255900.12,2.5590012
43130,249872.23,2.4987223
43131,235782.12,2.3578212
43132,227921.54,2.2792154
43133,224954.12,2.2495412
43134,224954.12,2.2495412
43135,224954.12,2.2495412
43136,227901.02,2.2790102
43137,233531.14,2.3353114
43138,232902.82,2.3290282
43139,236402.45,2.3640245
43140,236854.15,2.3685415
43141,236854.15,2.3685415
43142,236854.15,2.3685415
43143,236854.15,2.3685415
43144,236854.15,2.3685415
43145,238038.42,2.3803842
43146,237149.56,2.3714956
43147,236201.87,2.3620187
43148,236201.87,2.3620187
43149,236201.87,2.3620187
43150,234699.99,2.3469999
43151,232727.01,2.3272701
43152,230228.59,2.3022859
43153,230764.06,2.3076406
43154,225586.01,2.2558601
43155,225586.01,2.2558601
43156,225586.01,2.2558601
43157,226536.12,2.2653612
43158,217909.31,2.1790931
43159,214655.43,2.1465543
43160,213239.28,2.1323928
43161,216838.82,2.1683882
43162,216838.82,2.1683882
43163,216838.82,2.1683882
43164,217261.98,2.1726198
43165,210226.73,2.1022673
43166,205899.46,2.0589946
43167,208725.12,2.0872512
43168,215778.05,2.1577805
43169,215778.05,2.1577805
43170,215778.05,2.1577805
43171,216164.25,2.1616425
43172,216732.61,2.1673261
43173,217912.39,2.1791239
43174,215752.65,2.1575265
43175,226317.63,2.2631763
43176,226317.63,2.2631763
43177,226317.63,2.2631763
43178,226317.63,2.2631763
43179,230726.45,2.3072645
43180,230941.27,2.3094127
43181,231334.02,2.3133402
43182,235002.77,2.3500277
43183,235002.77,2.3500277
43184,235002.77,2.3500277
43185,235417.33,2.3541733
43186,235774.65,2.3577465
43187,235998.21,2.3599821
43188,235998.21,2.3599821
43189,235998.21,2.3599821
43190,235998.21,2.3599821
43191,235998.21,2.3599821
43192,235344.77,2.3534477
43193,241667.13,2.4166713
43194,251311.51,2.5131151
43195,265447.98,2.6544798
43196,305215.85,3.0521585
43197,305215.85,3.0521585
43198,305215.85,3.0521585
43199,362831.54,3.6283154
43200,371829.45,3.7182945
43201,410684.51,4.1068451
43202,451349.25,4.5134925
43203,483732.7,4.837327
43204,483732.7,4.837327
43205,483732.7,4.837327
43206,523988.11,5.2398811
43207,551230.09,5.5123009
43208,641347.21,6.4134721
43209,641347.21,6.4134721
43210,610725.66,6.1072566
43211,610725.66,6.1072566
43212,610725.66,6.1072566
43213,630254.19,6.3025419
43214,625944.72,6.2594472
43215,635486.25,6.3548625
43216,638520.36,6.3852036
43217,623765.77,6.2376577
43218,623765.77,6.2376577
43219,623765.77,6.2376577
43220,621498.49,6.2149849
43221,621498.49,6.2149849
43222,637053.28,6.3705328
43223,648811.53,6.4881153
43224,643571.09,6.4357109
43225,643571.09,6.4357109
43226,643571.09,6.4357109
43227,636771.03,6.3677103
43228,661824.52,6.6182452
43229,690854.12,6.9085412
43230,697211.06,6.9721106
43231,710845.12,7.1084512
43232,710845.12,7.1084512
43233,710845.12,7.1084512
43234,710845.12,7.1084512
43235,711433.45,7.1143345
43236,731454.55,7.3145455
43237,745625.23,7.4562523
43238,752354.88,7.5235488
43239,752354.88,7.5235488
43240,752354.88,7.5235488
43241,761545.1,7.615451
43242,810274.88,8.1027488
43243,855681.79,8.5568179
43244,879347.22,8.7934722
43245,931821.56,9.3182156
43246,931821.56,9.3182156
43247,931821.56,9.3182156
43248,990754.12,9.9075412
43249,995488.41,9.9548841
43250,1143564.25,11.4356425
43251,1253684.21,12.5368421
43252,1400135.87,14.0013587
43253,1400135.87,14.0013587
43254,1400135.87,14.0013587
43255,1400135.87,14.0013587
43256,1790422.05,17.9042205
43257,1887544.51,18.8754451
43258,2050198.1,20.501981
43259,2050345.73,20.5034573
43260,2050345.73,20.5034573
43261,2050345.73,20.5034573
43262,2201543.1,22.015431
43263,2250725.22,22.5072522
43264,2352872.15,23.5287215
43265,2291385.44,22.9138544
43266,2298257.33,22.9825733
43267,2298257.33,22.9825733
43268,2298257.33,22.9825733
43269,2299173.25,22.9917325
43270,2580622.73,25.8062273
43271,2803495.81,28.0349581
43272,2902142.35,29.0214235
43273,2951374.61,29.5137461
43274,2951374.61,29.5137461
43275,2951374.61,29.5137461
43276,2955830.74,29.5583074
43277,3300248.25,33.0024825
43278,3402186.33,34.0218633
43279,3408671.41,34.0867141
43280,3405751.03,34.0575103
43281,3405751.03,34.0575103
43282,3405751.03,34.0575103
43283,3410625.2,34.106252
43284,3408522.61,34.0852261
43285,3500265.82,35.0026582
43286,3500265.82,35.0026582
43287,3498521.75,34.9852175
43288,3498521.75,34.9852175
43289,3498521.75,34.9852175
43290,3495210.45,34.9521045
43291,3492815.11,34.9281511
43292,3410269.14,34.1026914
43293,3411685.2,34.116852
43294,3415688.9,34.156889
43295,3415688.9,34.156889
43296,3415688.9,34.156889
43297,3418605.2,34.186052
43298,3670551.41,36.7055141
43299,3721215.3,37.212153
43300,3722105,37.22105
43301,3619833.2,36.198332
43302,3619833.2,36.198332
43303,3619833.2,36.198332
43304,3525573.02,35.2557302
43305,3525573.02,35.2557302
43306,3527060.1,35.270601
43307,3525680.85,35.2568085
43308,3524330.15,35.2433015
43309,3524330.15,35.2433015
43310,3524330.15,35.2433015
43311,3527230.71,35.2723071
43312,3585674.2,35.856742
43313,3602412.11,36.0241211
43314,3629543.31,36.2954331
43315,3651266.71,36.5126671
43316,3651266.71,36.5126671
43317,3651266.71,36.5126671
43318,3672105.91,36.7210591
43319,3678341.65,36.7834165
43320,3811284.25,38.1128425
43321,3905812.62,39.0581262
43322,4101273.51,41.0127351
43323,4101273.51,41.0127351
43324,4101273.51,41.0127351
43325,4205184.2,42.051842
43326,4315688.91,43.1568891
43327,4725940.1,47.259401
43328,5409511.25,54.0951125
43329,5921486.23,59.2148623
43330,5921486.23,59.2148623
43331,59.21,59.21
43332,59.21,59.21
43333,65.18,65.18
43334,71.21,71.21
43335,75.32,75.32
43336,83.47,83.47
43337,83.47,83.47
43338,83.47,83.47
43339,84.31,84.31
43340,86.18,86.18
43341,87.35,87.35
43342,86.47,86.47
43343,87.22,87.22
43344,87.22,87.22
43345,87.22,87.22
43346,87.68,87.68
43347,88.09,88.09
43348,90.23,90.23
43349,90.51,90.51
43350,91.64,91.64
43351,91.64,91.64
43352,91.64,91.64
43353,91.64,91.64
43354,92.37,92.37
43355,93.11,93.11
43356,93.21,93.21
43357,92.89,92.89
43358,92.89,92.89
43359,92.89,92.89
43360,92.11,92.11
43361,92.33,92.33
43362,92.07,92.07
43363,92.66,92.66
43364,93.08,93.08
43365,93.08,93.08
43366,93.08,93.08
43367,96.45,96.45
43368,96.3,96.3
43369,97.08,97.08
43370,97.51,97.51
43371,98.06,98.06
43372,98.06,98.06
43373,98.06,98.06
43374,98.56,98.56
43375,99.12,99.12
43376,101.34,101.34
43377,101.5,101.5
43378,102.97,102.97
43379,102.97,102.97
43380,102.97,102.97
43381,103.5,103.5
43382,105.44,105.44
43383,110.31,110.31
43384,115.29,115.29
43385,115.29,115.29
43386,115.29,115.29
43387,115.29,115.29
43388,125.08,125.08
43389,136.05,136.05
43390,147.83,147.83
43391,156.43,156.43
43392,167.36,167.36
43393,167.36,167.36
43394,167.36,167.36
43395,171.34,171.34
43396,175.44,175.44
43397,191.07,191.07
43398,201.15,201.15
43399,212.31,212.31
43400,212.31,212.31
43401,212.31,212.31
43402,230.05,230.05
43403,240.28,240.28
43404,238.79,238.79
43405,235.68,235.68
43406,236.4,236.4
43407,236.4,236.4
43408,236.4,236.4
43409,236.4,236.4
43410,239.81,239.81
43411,242.15,242.15
43412,243.65,243.65
43413,250.74,250.74
43414,250.74,250.74
43415,250.74,250.74
43416,255.24,255.24
43417,255.71,255.71
43418,260.09,260.09
43419,263.35,263.35
43420,270.41,270.41
43421,270.41,270.41
43422,270.41,270.41
43423,280.33,280.33
43424,290.71,290.71
43425,311.29,311.29
43426,318.04,318.04
43427,326.17,326.17
43428,326.17,326.17
43429,326.17,326.17
43430,333.24,333.24
43431,357.42,357.42
43432,376.21,376.21
43433,398.36,398.36
43434,406.15,406.15
43435,406.15,406.15
43436,406.15,406.15
