"time","timeDate","close","high","low","open","volumefrom","volumeto","volume"
1535155200000,"2018-08-24",589998.35,589998.35,589998.35,589998.35,38.28,26538230.63,NaN
1535241600000,"2018-08-25",665005.04,732000.12,576998.8,589998.35,31.54,21397127.95,NaN
1535328000000,"2018-08-26",600080.01,710000,428008.9,680000.02,45.43,31015886.9,NaN
1535414400000,"2018-08-27",670000,704999.96,607998.83,631009.98,12.7,8665352,NaN
1535500800000,"2018-08-28",650899.42,714966.63,450000,664999.99,74.32,53618301.21,NaN
1535587200000,"2018-08-29",634999.93,789515.24,405238.93,650899.42,94.81,63951440.52,NaN
1535673600000,"2018-08-30",677203.06,789515.24,200000,650656.19,60.61,39687204.5,NaN
1535760000000,"2018-08-31",699100.01,719999.99,485000.55,655000.07,64.05,43676339.56,NaN
1535846400000,"2018-09-01",685000.01,702100.01,615034.17,662500,36.23,25229177.33,NaN
1535932800000,"2018-09-02",641000.65,849999.98,524787.46,685000.01,35.95,25241791.63,NaN
1536019200000,"2018-09-03",714999.99,714999.99,714999.99,714999.99,36.1,25823112.14,NaN
1536105600000,"2018-09-04",549994.5,549994.5,549994.5,549994.5,42.64,30310854.84,NaN
1536192000000,"2018-09-05",691002.01,840001.77,410666.37,715000.08,103.51,70817222.96,NaN
1536278400000,"2018-09-06",670060.03,730000.01,605208.52,650000.01,70.17,46557889.44,NaN
1536364800000,"2018-09-07",642099.92,708900,628100.79,670060.03,68.82,45536733.13,NaN
1536451200000,"2018-09-08",628998.07,684462.7,100000,642099.92,38.52,25326933.29,NaN
1536537600000,"2018-09-09",625000,698800,625000,628998.07,73.98,47120264.51,NaN
1536624000000,"2018-09-10",582998.59,625000,491569.23,625000,57.82,35213161.53,NaN
1536710400000,"2018-09-11",593500.04,593500.04,593500.04,593500.04,41.18,24883337.43,NaN
1536796800000,"2018-09-12",595000.1,595000.1,595000.1,595000.1,72.29,45158032.64,NaN
1536883200000,"2018-09-13",595000.1,595000.1,595000.1,595000.1,82.14,51278482.64,NaN
1536969600000,"2018-09-14",601999.69,692133.01,500000,595000.1,68.4,42766027.93,NaN
1537056000000,"2018-09-15",615999.98,665000.18,515999.87,612999.94,43.62,27274946.04,NaN
1537142400000,"2018-09-16",605998.17,615999.98,605998.17,615999.98,51.11,31739845.88,NaN
1537228800000,"2018-09-17",639991.1,2600005.67,549999.84,611703.55,121.25,79295588.57,NaN
1537315200000,"2018-09-18",649999.81,703997.3,619001.69,688650.5,65.8,45635918.79,NaN
1537401600000,"2018-09-19",687010.01,750018.75,639500.68,725999.98,54.5,39120941.4,NaN
1537488000000,"2018-09-20",660004.93,701301,400000,701301,40.65,29386353.22,NaN
1537574400000,"2018-09-21",710017.16,754999.61,625000,720614.91,66.63,49537835.89,NaN
1537660800000,"2018-09-22",709998.67,798815.92,612782.65,710017.16,41.72,31014283.68,NaN
1537747200000,"2018-09-23",689997.79,793994.51,630999.53,727100.74,47.64,35139579.78,NaN
1537833600000,"2018-09-24",671000.02,744011.08,563229.37,701000.47,40.71,29027822.09,NaN
1537920000000,"2018-09-25",717060.02,740000.01,635002.75,709999.97,71.32,51871412.99,NaN
1538006400000,"2018-09-26",720000.02,758999.98,670016.75,740000,54.45,39805479.97,NaN
1538092800000,"2018-09-27",726699.96,789000,648878.45,727999.99,67.93,50354557.58,NaN
1538179200000,"2018-09-28",700099.74,793757.47,622997.51,727999.14,71.08,52140596.9,NaN
1538265600000,"2018-09-29",758999,759988.14,610001.59,707999.17,42.94,31595036.56,NaN
1538352000000,"2018-09-30",718249.97,775000,590999.08,758999,78.79,58307122.45,NaN
1538438400000,"2018-10-01",720200.35,720200.35,720200.35,720200.35,39.34,29469363.53,NaN
1538524800000,"2018-10-02",723199.94,723199.94,723199.94,723199.94,42.13,32277512.02,NaN
1538611200000,"2018-10-03",769927.31,769927.31,769927.31,769927.31,53.41,41970763.86,NaN
1538697600000,"2018-10-04",814983.39,1000000,709300.35,772001.21,80.92,65938289.67,NaN
1538784000000,"2018-10-05",805019.64,830999.95,705000,801000.18,51.7,43546800.4,NaN
1538870400000,"2018-10-06",847100.11,919999.17,705000.96,805019.64,49.44,42463732.65,NaN
1538956800000,"2018-10-07",840200.81,882625.78,700003.47,820000,46.96,40798733.54,NaN
1539043200000,"2018-10-08",882000.14,882000.14,882000.14,882000.14,41.1,36812381.24,NaN
1539129600000,"2018-10-09",913001.04,913001.04,913001.04,913001.04,29.51,27385024.25,NaN
1539216000000,"2018-10-10",900000.9,900000.9,900000.9,900000.9,19.86,19313114.97,NaN
1539302400000,"2018-10-11",985100.02,989699.98,937704.63,937704.63,67.57,65701699.99,NaN
1539388800000,"2018-10-12",988999.95,1024998.58,819999.8,920998.77,44.94,41977165.44,NaN
1539475200000,"2018-10-13",935600.07,988999.95,935600.07,988999.95,39.44,36932532.29,NaN
1539561600000,"2018-10-14",990410,1150000.02,700010.5,935600.07,86.44,85436728.27,NaN
1539648000000,"2018-10-15",966100.19,966100.19,966100.19,966100.19,45.55,47054665.53,NaN
1539734400000,"2018-10-16",998001,1174990.02,982000.23,1018300.13,41.21,45559307.83,NaN
1539820800000,"2018-10-17",1058000.34,1058000.34,1058000.34,1058000.34,39.27,45532237.17,NaN
1539907200000,"2018-10-18",1095000.41,1095000.41,1095000.41,1095000.41,39.4,45674891.21,NaN
1539993600000,"2018-10-19",1124999.86,1124999.86,1124999.86,1124999.86,60.9,70919786.49,NaN
1540080000000,"2018-10-20",1118000.02,1118000.02,1118000.02,1118000.02,32.72,38693492.5,NaN
1540166400000,"2018-10-21",1160101.46,1297440.03,1118000.02,1118000.02,43.74,52222823.7,NaN
1540252800000,"2018-10-22",1186099.99,1186099.99,1186099.99,1186099.99,39.25,47948004.94,NaN
1540339200000,"2018-10-23",1218001.36,1218001.36,1218001.36,1218001.36,34.62,43969023.98,NaN
1540425600000,"2018-10-24",1210854.85,1210854.85,1210854.85,1210854.85,42.27,54013451.47,NaN
1540512000000,"2018-10-25",1218302.03,1218302.03,1218302.03,1218302.03,36.02,46804130.23,NaN
1540598400000,"2018-10-26",1294998.84,1332099.89,1272524.76,1272524.76,57.3,76356400.25,NaN
1540684800000,"2018-10-27",1294998.84,1294998.84,1294998.84,1294998.84,36.97,49902845.57,NaN
1540771200000,"2018-10-28",1323206.39,1323206.39,1294998.84,1294998.84,46.13,63930034.24,NaN
1540857600000,"2018-10-29",1405899.45,1405899.45,1405899.45,1405899.45,47.54,67158625.92,NaN
1540944000000,"2018-10-30",1436653.09,1500000,926286.15,1347981.4,53.77,77477543.82,NaN
1541030400000,"2018-10-31",1416000.01,1416000.01,1416000.01,1416000.01,28.6,42933447.48,NaN
1541116800000,"2018-11-01",1534999.52,1534999.52,1460003.21,1460003.21,38.07,59285873.52,NaN
1541203200000,"2018-11-02",1705000.12,1705000.12,1705000.12,1705000.12,38,62971249.3,NaN
1541289600000,"2018-11-03",1635000.04,1635000.04,1635000.04,1635000.04,40.35,66992506.46,NaN
1541376000000,"2018-11-04",1681009.86,1681009.86,1635000.04,1635000.04,55.07,91131004.35,NaN
1541462400000,"2018-11-05",1586105,1630000.09,1430102.82,1611040.03,42.32,66961172.64,NaN
1541548800000,"2018-11-06",1625299.42,1625299.42,1625299.42,1625299.42,34.01,56567658.44,NaN
1541635200000,"2018-11-07",1650894.45,1650894.45,1634998.01,1634998.01,37.62,64753317.98,NaN
1541721600000,"2018-11-08",1661210.95,1740881.54,1409999.72,1707100.49,45.03,76802330.35,NaN
1541808000000,"2018-11-09",1670013.8,1690299.88,1618489.63,1618489.63,22.89,39508476.26,NaN
1541894400000,"2018-11-10",1648200.53,1726060.08,1648200.53,1726060.08,24.9,42747041.86,NaN
1541980800000,"2018-11-11",1675490.92,1900057,100000,1648200.53,78.18,135305968.89,NaN
1542067200000,"2018-11-12",1600107.53,1600107.53,1600107.53,1600107.53,40.83,71274723.55,NaN
1542153600000,"2018-11-13",1603980.78,1836999.99,993956.74,1731081.22,87.29,147307387,NaN
1542240000000,"2018-11-14",1520010.74,1747997.09,1520002.59,1566050.12,59.22,93228005.35,NaN
1542326400000,"2018-11-15",1611999.99,1611999.99,1520001.7,1520001.7,36.58,58466561.08,NaN
1542412800000,"2018-11-16",1597800.01,1597800.01,1597800.01,1597800.01,16.1,26252754.97,NaN
1542499200000,"2018-11-17",1562964.73,1562964.73,1562964.73,1562964.73,39.92,66945651.78,NaN
1542585600000,"2018-11-18",1596066.27,2800000,1000000,1562964.73,107.64,173001998.29,NaN
1542672000000,"2018-11-19",1471201.35,1471201.35,1471201.35,1471201.35,46.21,65054403.15,NaN
1542758400000,"2018-11-20",1400100.06,1400100.06,1400100.06,1400100.06,59.17,89480162.35,NaN
1542844800000,"2018-11-21",1620000.04,1620000.04,1416110.65,1509999.97,59.61,94603673.52,NaN
1542931200000,"2018-11-22",1585456.08,1653001.85,1420001.83,1653001.85,47.82,78086381.73,NaN
1543017600000,"2018-11-23",1550954.03,1670499.79,1550954.03,1620070.95,34.9,58079427.36,NaN
1543104000000,"2018-11-24",1500259.92,1673007.36,1150001.76,1550954.03,52.67,78875467.04,NaN
1543190400000,"2018-11-25",1450500,1580000.09,1281011.14,1281011.14,63.97,99159591.27,NaN
1543276800000,"2018-11-26",1499000.05,1571099.81,1480050.94,1571099.81,5.845,8946174.18,NaN
1543363200000,"2018-11-27",1499000.05,1499000.05,1499000.05,1499000.05,0,0,NaN
1543449600000,"2018-11-28",1800000.55,1800000.55,1800000.55,1800000.55,49.89,101922495.4,NaN
1543536000000,"2018-11-29",1950003.31,2999962.5,1520001.7,2100000.58,47.78,92772494.88,NaN
1543622400000,"2018-11-30",1896847.53,1896847.53,1896847.53,1896847.53,40.32,81008634.04,NaN
1543708800000,"2018-12-01",1990000.12,1990000.12,1990000.12,1990000.12,52.43,105072447.15,NaN
1543795200000,"2018-12-02",1992100.09,1992100.09,1855616.42,1988000,51.61,100750026.51,NaN
1543881600000,"2018-12-03",1910070.08,1930099.89,1550000,1732000.28,48.34,93787382.19,NaN
1543968000000,"2018-12-04",2026129.99,2026129.99,1871000.74,1954000.17,59.88,121380990.42,NaN
1544054400000,"2018-12-05",1949999.67,2062000.01,1815000.62,2062000.01,61.36,122644700.7,NaN
1544140800000,"2018-12-06",1841000.39,2200000.26,1334937.65,1854999.44,42.38,78795871.72,NaN
1544227200000,"2018-12-07",1841000.39,1841000.39,1841000.39,1841000.39,0,0,NaN
1544313600000,"2018-12-08",1841000.39,1841000.39,1841000.39,1841000.39,0,0,NaN
1544400000000,"2018-12-09",2208350.21,2249999.72,1841000.39,1841000.39,0.3649,785079.04,NaN
1544486400000,"2018-12-10",2208350.21,2208350.21,2208350.21,2208350.21,0,0,NaN
1544572800000,"2018-12-11",2208350.21,2208350.21,2208350.21,2208350.21,0,0,NaN
1544659200000,"2018-12-12",2208350.21,2208350.21,2208350.21,2208350.21,0,0,NaN
1544745600000,"2018-12-13",2210000,2210000,1950000.3,1950000.3,0.05625,125204.65,NaN
1544832000000,"2018-12-14",2125002.45,2399972.57,1975005.96,2241000,42.03,91784382.76,NaN
1544918400000,"2018-12-15",2180099.93,2500000,1200000.48,2152581.61,97.59,213840849.87,NaN
1545004800000,"2018-12-16",2297499.99,2439999,1600099.83,2140000,50.42,113303452.63,NaN
1545091200000,"2018-12-17",2297499.99,2297499.99,2297499.99,2297499.99,0,0,NaN
1545177600000,"2018-12-18",2297499.99,2297499.99,2297499.99,2297499.99,0,0,NaN
1545264000000,"2018-12-19",2297499.99,2297499.99,2297499.99,2297499.99,0,0,NaN
1545350400000,"2018-12-20",2297499.99,2297499.99,2297499.99,2297499.99,0,0,NaN
1545436800000,"2018-12-21",2297499.99,2297499.99,2297499.99,2297499.99,0,0,NaN
1545523200000,"2018-12-22",2297499.99,2297499.99,2297499.99,2297499.99,0,0,NaN
1545609600000,"2018-12-23",2800000.45,2962644.02,2297499.99,2297499.99,8.016,23514147.42,NaN
1545696000000,"2018-12-24",2666500.75,2915000.06,1794999.13,2915000.06,19.94,54189363.23,NaN
1545782400000,"2018-12-25",2828309.96,2897999.55,1950000.11,2666500.75,33.75,93398952.45,NaN
1545868800000,"2018-12-26",2828309.96,2828309.96,2828309.96,2828309.96,0,0,NaN
1545955200000,"2018-12-27",2828309.96,2828309.96,2828309.96,2828309.96,0,0,NaN
1546041600000,"2018-12-28",2828309.96,2828309.96,2828309.96,2828309.96,0,0,NaN
1546128000000,"2018-12-29",2828309.96,2828309.96,2828309.96,2828309.96,0,0,NaN
1546214400000,"2018-12-30",2828309.96,2828309.96,2828309.96,2828309.96,0,0,NaN
1546300800000,"2018-12-31",2828309.96,2828309.96,2828309.96,2828309.96,0,0,NaN
1546387200000,"2019-01-01",3277098.33,3985704.61,2570000.39,2828309.96,32.56,110595269.87,NaN
1546473600000,"2019-01-02",3464059.23,3464059.23,3259997.87,3259997.87,0.02165,75000,NaN
1546560000000,"2019-01-03",3460020.03,3464059.23,3460020.03,3464059.23,0.03785,130964.18,NaN
1546646400000,"2019-01-04",3460020.03,3460020.03,3460020.03,3460020.03,0,0,NaN
1546732800000,"2019-01-05",3460020.03,3460020.03,3460020.03,3460020.03,0,0,NaN
1546819200000,"2019-01-06",5220074.42,5699999.89,3129998.22,3460020.03,11.49,60695421.63,NaN
1546905600000,"2019-01-07",5479000.53,5479000.53,5050000.05,5050000.05,0.04563,250000,NaN
1546992000000,"2019-01-08",5479000.53,5479000.53,5479000.53,5479000.53,0,0,NaN
1547078400000,"2019-01-09",5479000.53,5479000.53,5479000.53,5479000.53,0,0,NaN
1547164800000,"2019-01-10",9450000.52,10050999.83,5479000.53,5479000.53,0.1678,1661653.5,NaN
1547251200000,"2019-01-11",9218403.23,9959998.23,7249949.25,9450000.52,0.1464,1371850.79,NaN
1547337600000,"2019-01-12",9213004.67,9320000.67,7500000,9218403.23,0.08991,803553.62,NaN
1547424000000,"2019-01-13",9420009.99,10949990.03,5900000.05,9213004.67,0.732,7045454.05,NaN
1547510400000,"2019-01-14",9603551.67,10029999.73,6900000.01,9420009.99,0.8881,6682424.02,NaN
1547596800000,"2019-01-15",9603551.67,9603551.67,9603551.67,9603551.67,0,0,NaN
1547683200000,"2019-01-16",9603551.67,9603551.67,9603551.67,9603551.67,0,0,NaN
1547769600000,"2019-01-17",7860002.13,9603551.67,6900000,9603551.67,0.1714,1254787,NaN
1547856000000,"2019-01-18",8056070.25,8790000.21,7312305.77,7860002.13,0.1907,1586872.59,NaN
1547942400000,"2019-01-19",7980005.3,8160001.31,5650000.05,8056070.25,0.5929,3767935.5,NaN
1548028800000,"2019-01-20",7049998.59,8560599.89,6499999.74,7980005.3,0.4168,3237418.22,NaN
1548115200000,"2019-01-21",5500000.32,7850000.1,3546937.81,7049998.59,1.21,7952071.78,NaN
1548201600000,"2019-01-22",8120013.8,9253433.02,5500000.32,5500000.32,0.271,2146536.65,NaN
1548288000000,"2019-01-23",9595998.61,9595998.61,6708833.11,8120013.8,0.5424,4420060.19,NaN
1548374400000,"2019-01-24",9755001.19,10000000,8410322.83,9595998.61,0.3068,2874660.32,NaN
1548460800000,"2019-01-25",9620000.86,10000000,6900000.13,9755001.19,0.5858,5227370.31,NaN
1548547200000,"2019-01-26",9697157.83,10052039.1,9049999.12,9620000.86,0.3007,2928537.45,NaN
1548633600000,"2019-01-27",7284539.15,12000000,7099751.51,9697157.83,0.6434,5100438.63,NaN
1548720000000,"2019-01-28",8824105.25,10319998.53,7185036.89,7284539.15,0.9271,7890012.9,NaN
1548806400000,"2019-01-29",8086000.21,9379983.12,8060998.47,8824105.25,0.9362,7975339.41,NaN
1548892800000,"2019-01-30",7705000.43,8408000.09,6852656.39,8086000.21,0.3202,2460568.61,NaN
1548979200000,"2019-01-31",7800147.73,7888999.88,5599999.94,7705000.43,1.146,8116715.55,NaN
1549065600000,"2019-02-01",8412775.93,9499999.25,6634134.02,7800147.73,0.6428,4753250.06,NaN
1549152000000,"2019-02-02",8165803.33,8984999.82,5900000.06,8412775.93,0.617,5033817.11,NaN
1549238400000,"2019-02-03",8206574.68,8835000.07,7625997.41,8165803.33,0.505,4258080.43,NaN
1549324800000,"2019-02-04",8922000.07,9399999.89,6300000.16,8206574.68,0.824,6985152.14,NaN
1549411200000,"2019-02-05",9500000.11,9700000.8,8261017.36,8922000.07,0.5853,5421513.69,NaN
1549497600000,"2019-02-06",8749999.45,10201000.15,8001152.17,9500000.11,0.1831,1696678,NaN
1549584000000,"2019-02-07",10000000,11601466.43,4499994.38,8749999.45,0.9357,9944403.98,NaN
1549670400000,"2019-02-08",11091196.25,11351999.67,1000000,10000000,0.2988,2630553.74,NaN
1549756800000,"2019-02-09",11189994.83,11400100.13,9020090.32,11091196.25,0.4101,4268767.35,NaN
1549843200000,"2019-02-10",10890034.57,11479998.54,10090995.55,11189994.83,0.3141,3483131.1,NaN
1549929600000,"2019-02-11",10825000,10999996.06,9499984.17,10890034.57,0.4428,4710989.02,NaN
1550016000000,"2019-02-12",9720003.16,11213571.47,8900000.53,10825000,0.675,6828564.37,NaN
1550102400000,"2019-02-13",9265011.27,10100000.1,9150000.97,9720003.16,0.3899,3759451.46,NaN
1550188800000,"2019-02-14",9819993.51,10626999.01,9199984.67,9482507.79,0.3659,3632484.26,NaN
1550275200000,"2019-02-15",10300005.53,11100000.15,9660000,9819993.51,0.3131,3219844.35,NaN
1550361600000,"2019-02-16",10630900.35,10699005.57,9771300.15,10300005.53,0.5311,5532664.77,NaN
1550448000000,"2019-02-17",11300589.15,11555006.69,10249997.44,10630900.35,0.3969,4275446.64,NaN
1550534400000,"2019-02-18",12012246.49,12219997.1,10629999.27,11300589.15,0.2476,2860284.73,NaN
1550620800000,"2019-02-19",11829993.53,12479997.34,10001000.1,12012246.49,0.3457,4198774.56,NaN
1550707200000,"2019-02-20",12500369.33,12501000.08,11667000.47,11829993.53,0.4111,5048705.5,NaN
1550793600000,"2019-02-21",13114998.61,13710000.58,11580024.92,12500369.33,0.3354,4297983.07,NaN
1550880000000,"2019-02-22",13665019.7,13665019.7,12250000,13114998.61,0.2016,2680905.03,NaN
1550966400000,"2019-02-23",11800000.03,13817625.76,9573958.83,13665019.7,0.6213,7705479.89,NaN
1551052800000,"2019-02-24",12600000,13050000.42,11531004.46,11800000.03,0.298,3780251.7,NaN
1551139200000,"2019-02-25",12798492.85,13450400.24,12266908.3,12600000,1.054,13808628.29,NaN
1551225600000,"2019-02-26",12276859.78,13070190.32,12101001.27,12798492.85,0.2664,3382587.02,NaN
1551312000000,"2019-02-27",13025000,13669985.33,8165398.31,12276859.78,0.7391,8940614.12,NaN
1551398400000,"2019-02-28",12670497.28,13299994.68,12099997.32,13025000,0.3173,4105085.07,NaN
1551484800000,"2019-03-01",12500000,13490000.2,11960000.02,12670497.28,0.5321,6685830.33,NaN
1551571200000,"2019-03-02",12854997.03,13350009.13,12000000.56,12500000,0.2438,3058923.86,NaN
1551657600000,"2019-03-03",12549999.98,13203000.72,11999999.76,12854997.03,0.4884,6087451.96,NaN
1551744000000,"2019-03-04",12299991.85,13439555.6,11100103.51,12549999.98,0.1542,1887834.19,NaN
1551830400000,"2019-03-05",12009992.31,12610500,10500262.51,12299991.85,0.407,5050607.76,NaN
1551916800000,"2019-03-06",11708914.23,12462174.47,11200000.12,12009992.31,0.5144,6019552.31,NaN
1552003200000,"2019-03-07",11500002.88,12520258.35,9499988.87,11708914.23,1.03,12491594.55,NaN
1552089600000,"2019-03-08",11385000.49,12400678.93,10000500.03,11500002.88,0.895,10760612.49,NaN
1552176000000,"2019-03-09",11785933.83,12434000.33,10144003.95,11385000.49,0.4908,5869663.94,NaN
1552262400000,"2019-03-10",10650000.35,11913598.63,9250009.25,11785933.83,0.2232,2500736.25,NaN
1552348800000,"2019-03-11",11015000.06,11699998.01,9250009.25,10650000.35,0.605,6759602.25,NaN
1552435200000,"2019-03-12",11070029,11150997.37,9906998.06,11015000.06,0.4045,4247352.95,NaN
1552521600000,"2019-03-13",11899500.63,11899500.63,8103333.71,11070029,0.5545,6169385.33,NaN
1552608000000,"2019-03-14",12099985.18,12204971.11,11176050.17,11899500.63,0.2588,3027861.26,NaN
1552694400000,"2019-03-15",12500234.38,13050000.02,7867201.64,12099985.18,2.037,26496511.49,NaN
1552780800000,"2019-03-16",12400964.52,12599999.42,11600159.09,12500234.38,0.1549,1914158.83,NaN
1552867200000,"2019-03-17",11964942.72,12850001.93,11964942.72,12400964.52,0.2055,2564168.25,NaN
1552953600000,"2019-03-18",11900039.67,12555099.62,11900039.67,11964942.72,0.2151,2660884.41,NaN
1553040000000,"2019-03-19",12200006.75,12500000,11299998.6,11900039.67,0.2959,3584482.66,NaN
1553126400000,"2019-03-20",12365015.25,14597159.28,11899980.66,12200006.75,0.3574,4510840.67,NaN
1553212800000,"2019-03-21",12723000.07,12852700.6,12149998.06,12365015.25,0.2952,3723856.76,NaN
1553299200000,"2019-03-22",12500000,12961670.4,12250022.97,12723000.07,0.2984,3784677.55,NaN
1553385600000,"2019-03-23",12747070.09,13500000.21,11600000.21,12500000,0.5646,7107147.39,NaN
1553472000000,"2019-03-24",12550003.92,12799994.71,12316995.38,12747070.09,0.3801,4803901.39,NaN
1553558400000,"2019-03-25",13024987.42,13100000.05,12100148.03,12550003.92,0.5944,7643094,NaN
1553644800000,"2019-03-26",13312996.15,13393120.22,12271067.89,13024987.42,0.7884,10466797.08,NaN
1553731200000,"2019-03-27",13060980.79,13681997.99,12249999.71,13312996.15,0.5778,7555424.65,NaN
1553817600000,"2019-03-28",13682013.42,14092000,7956652.16,13060980.79,0.4555,6249198.86,NaN
1553904000000,"2019-03-29",13819650.52,14082279,13100995.37,13682013.42,0.4707,6456090.89,NaN
1553990400000,"2019-03-30",13706534.86,13819650.52,12276937.96,13819650.52,0.1691,2248496.75,NaN
1554076800000,"2019-03-31",13350043.14,13860100.31,12000100,13706534.86,0.2329,3141748.71,NaN
1554163200000,"2019-04-01",15751989.95,16151001.09,12816979.94,13350043.14,0.5076,7700863.82,NaN
1554249600000,"2019-04-02",16320000,18000023.23,15000150,15751989.95,0.4028,6576950.46,NaN
1554336000000,"2019-04-03",16900000.43,17499998.78,15500000,16320000,0.336,5677219.05,NaN
1554422400000,"2019-04-04",17714040.18,18316007.92,15401100.96,16900000.43,0.2472,4294315.44,NaN
1554508800000,"2019-04-05",17300985.41,18812466.39,17008068.2,17714040.18,0.1628,2925156.46,NaN
1554595200000,"2019-04-06",18864973.35,19249016.6,17300985.41,17300985.41,0.1731,3222240.64,NaN
1554681600000,"2019-04-07",18752100.77,19250002.65,17688868.88,18864973.35,0.138,2604486.42,NaN
1554768000000,"2019-04-08",19551004.66,21100002.19,18699994.83,18752100.77,0.524,10287234.55,NaN
1554854400000,"2019-04-09",21631286.34,21900000.22,11299945.76,19551004.66,0.3535,7129776.33,NaN
1554940800000,"2019-04-10",21695135.51,21950001.71,19949368.5,21631286.34,0.5003,10647660.52,NaN
1555027200000,"2019-04-11",22470008.16,22481150.12,20299997.05,21695135.51,0.2773,6080407.8,NaN
1555113600000,"2019-04-12",22308979.36,23951000.28,19555257.57,22470008.16,0.2458,5729086.26,NaN
1555200000000,"2019-04-13",23922000.17,24150004.37,17500000,22308979.36,0.2815,6499975.4,NaN
1555286400000,"2019-04-14",24009993.72,24531516.18,21901286.32,23922000.17,0.1102,2589187.97,NaN
1555372800000,"2019-04-15",25262030.41,25484998.64,22801996.15,24009993.72,0.368,9031739.53,NaN
1555459200000,"2019-04-16",25360990.07,26250508.6,22725496.44,25262030.41,0.2,5056256.88,NaN
1555545600000,"2019-04-17",26556000.03,26556000.03,23300000.87,25360990.07,0.2785,7011735.34,NaN
1555632000000,"2019-04-18",26800488.76,26800488.76,25100996.65,26556000.03,0.3209,8408189.9,NaN
1555718400000,"2019-04-19",26340050.05,26800488.76,11150012.27,26800488.76,0.1259,3277908.32,NaN
1555804800000,"2019-04-20",26460066.47,27399887.66,23700004,26340050.05,0.1636,4236400.6,NaN
1555891200000,"2019-04-21",26765003.27,27500004.71,24000050.53,26460066.47,0.1289,3429999.99,NaN
1555977600000,"2019-04-22",29650011.27,30499009.54,26099998.41,26765003.27,0.2974,8708226.54,NaN
1556064000000,"2019-04-23",30100000.1,30570000.59,10120023.48,29650011.27,0.2249,6674789.44,NaN
1556150400000,"2019-04-24",28341618.53,30880590.93,10000000,30100000.1,0.1477,4416826.67,NaN
1556236800000,"2019-04-25",31125982.41,31125982.41,27802027.32,28341618.53,0.2742,8099337.74,NaN
1556323200000,"2019-04-26",29354341.03,31299884.19,27450000.37,31125982.41,0.264,7713351.64,NaN
1556409600000,"2019-04-27",31520343.23,31520343.23,28042859.53,29756295.94,0.1647,5008965.78,NaN
1556496000000,"2019-04-28",29964401.93,31520343.23,28749676.57,31520343.23,0.1759,5330385.55,NaN
1556582400000,"2019-04-29",30399957.7,32780275.45,28999998.84,29964401.93,0.2581,7813081.57,NaN
1556668800000,"2019-04-30",31630004.86,33387309.48,27750000.03,30399957.7,0.3032,9152688.26,NaN
1556755200000,"2019-05-01",31355970.5,32628002.92,28651000,31630004.86,0.3774,11442697.01,NaN
1556841600000,"2019-05-02",32700000.58,34000002.01,10099989.9,31355970.5,0.6968,22237267.1,NaN
1556928000000,"2019-05-03",32699989.05,33991416.31,30550011.38,32700000.58,0.2426,7876407.08,NaN
1557014400000,"2019-05-04",33080816.43,34342278.25,31049996.83,32699989.05,0.1816,5840336.1,NaN
1557100800000,"2019-05-05",31746031.75,34399000.89,30805011.98,33080816.43,0.1882,6206289.99,NaN
1557187200000,"2019-05-06",33010014.83,33380050.57,31000000,31746031.75,0.3357,11051354.89,NaN
1557273600000,"2019-05-07",32815021.35,33542414.38,31411054.36,33010014.83,0.4425,14426399.98,NaN
1557360000000,"2019-05-08",33800999.98,33999999.54,32079454.39,32815021.35,0.3745,12465214.34,NaN
1557446400000,"2019-05-09",33811028.34,36650001.66,33000033,33800999.98,0.1425,4917804.72,NaN
1557532800000,"2019-05-10",39600196.42,39600196.42,33000000.33,33811028.34,0.2062,7272995.54,NaN
1557619200000,"2019-05-11",37155518.5,41999993.89,37155518.5,39600196.42,0.2689,10382112.84,NaN
1557705600000,"2019-05-12",44600118.28,45204073.79,37155518.5,37155518.5,0.1689,6738744.12,NaN
1557792000000,"2019-05-13",45000045,46625009.81,43715999.46,44600118.28,0.1496,6774170.11,NaN
1557878400000,"2019-05-14",47449988.93,47449988.93,41949996.95,45000045,0.2282,10271029.57,NaN
1557964800000,"2019-05-15",45321915.09,47789953.6,43150000,47449988.93,0.2924,13637273.71,NaN
1558051200000,"2019-05-16",42890999.66,46731497.79,38331660.13,45321915.09,0.2186,9585175.22,NaN
1558137600000,"2019-05-17",42594999.94,44700002.64,40409265.04,42890999.66,0.1671,7254866.87,NaN
1558224000000,"2019-05-18",48000998.42,48000998.42,41300507.08,42594999.94,0.09805,4484001.83,NaN
1558310400000,"2019-05-19",45670491.17,50074042.41,40000098.68,48000998.42,0.09854,4472913.5,NaN
1558396800000,"2019-05-20",45340091.17,48349998.2,43300000,45670491.17,0.2486,11490990.8,NaN
1558483200000,"2019-05-21",45199783.04,49400006.05,45110068.57,45340091.17,0.2441,11423887.1,NaN
1558569600000,"2019-05-22",48750048.75,48750048.75,42012099.48,45199783.04,0.1919,8811352.38,NaN
1558656000000,"2019-05-23",49402832.43,49861087.01,40000000,48750048.75,0.2303,11022472.83,NaN
1558742400000,"2019-05-24",49299940.84,50998993.36,45400300.94,49402832.43,0.1526,7430134.71,NaN
1558828800000,"2019-05-25",51699999.8,51699999.8,46366418.35,49299940.84,0.2973,14824754.25,NaN
1558915200000,"2019-05-26",54300018.46,56499952.88,50300166.24,51699999.8,0.1912,10154954.4,NaN
1559001600000,"2019-05-27",53850296.18,55900000.49,52166320,54300018.46,0.188,10229214.46,NaN
1559088000000,"2019-05-28",55860000,56700000,52850010.95,53850296.18,0.193,10733693.97,NaN
1559174400000,"2019-05-29",53400000.95,55999993.28,53001069.32,55860000,0.2664,14621429.05,NaN
1559260800000,"2019-05-30",54249952.46,55979912.97,51324591.01,53400000.95,0.19,10138260.71,NaN
1559347200000,"2019-05-31",54060629,56490792,49000049.19,54249952.46,0.09471,5141652.56,NaN
1559433600000,"2019-06-01",55100023.76,55280000.09,49000091.88,54060629,0.1601,8649059.1,NaN
1559520000000,"2019-06-02",53479040.8,57399889.37,49229765.16,55100023.76,0.2046,11254999.88,NaN
1559606400000,"2019-06-03",47006036,56099990.16,46204979.66,53479040.8,0.08563,4275881.21,NaN
1559692800000,"2019-06-04",48258000,50082750.36,46659849.7,47006036,0.2091,10107194.23,NaN
1559779200000,"2019-06-05",48774998.74,49961488.02,47000100,48258000,0.8061,39251862.88,NaN
1559865600000,"2019-06-06",50650000.47,51899995.08,47600007.62,48774998.74,0.1624,7995926.2,NaN
1559952000000,"2019-06-07",50275257.03,53055088.87,49500000,50650000.47,0.2529,12881006.65,NaN
1560038400000,"2019-06-08",48800000,51599957,47050784.88,50275257.03,0.106,5328859.94,NaN
1560124800000,"2019-06-09",51090113.78,52400025.99,47400506.88,48800000,0.1338,6759097.6,NaN
1560211200000,"2019-06-10",52750930.72,53134996.69,48520135.86,51090113.78,0.2681,13801086.92,NaN
1560297600000,"2019-06-11",55250027.63,55646714.7,51722000.59,52750930.72,0.1968,10501290.02,NaN
1560384000000,"2019-06-12",58600983.56,58699225.17,53600096.22,55250027.63,0.1873,10624275.65,NaN
1560470400000,"2019-06-13",58450000,61598003.4,53073485.55,58600983.56,0.2375,14131520.76,NaN
1560556800000,"2019-06-14",62026990.09,64699252.83,58000000,58450000,0.1247,7671332.13,NaN
1560643200000,"2019-06-15",62849995.91,65499820.59,57900831.67,62026990.09,0.2088,12894592.03,NaN
1560729600000,"2019-06-16",62300004.01,66499973.4,61499818.74,62849995.91,0.1612,10263592.37,NaN
1560816000000,"2019-06-17",63504587.24,67999456,60482871.45,62300004.01,0.2659,17091266.8,NaN
1560902400000,"2019-06-18",66102591.22,67249997.5,50998725.03,63504587.24,0.2058,13603815.91,NaN
1560988800000,"2019-06-19",65607099.35,66701061.32,64999783.33,66102591.22,0.04583,3012166.1,NaN
